dim_AD_UNIT,dim_APP,dim_COUNTRY,dim_DATE,dim_PLATFORM,met_AD_REQUESTS,met_CLICKS,met_ESTIMATED_EARNINGS,met_IMPRESSIONS,met_MATCHED_REQUESTS
ca-app-pub-7891478850122465/6565020438,ca-app-pub-7891478850122465~6704621236,AE,20260814,iOS,4,0,35662,1,4
ca-app-pub-7891478850122465/6721664164,ca-app-pub-7891478850122465~6704621236,AE,20260814,iOS,4,0,9843,2,4
ca-app-pub-7891478850122465/8171033829,ca-app-pub-7891478850122465~6704621236,AE,20260814,iOS,3,0,4824,3,3
ca-app-pub-7891478850122465/6565020438,ca-app-pub-7891478850122465~6704621236,AR,20260814,iOS,11,0,2978,2,11
ca-app-pub-7891478850122465/6721664164,ca-app-pub-7891478850122465~6704621236,AR,20260814,iOS,7,0,0,0,7
ca-app-pub-7891478850122465/8171033829,ca-app-pub-7891478850122465~6704621236,AR,20260814,iOS,7,2,5295,7,7
ca-app-pub-7891478850122465/6565020438,ca-app-pub-7891478850122465~6704621236,BE,20260814,iOS,4,0,0,0,4
ca-app-pub-7891478850122465/6721664164,ca-app-pub-7891478850122465~6704621236,BE,20260814,iOS,2,0,0,0,2
ca-app-pub-7891478850122465/1859860932,ca-app-pub-7891478850122465~6704621236,BG,20260814,iOS,1,0,0,0,1
ca-app-pub-7891478850122465/6565020438,ca-app-pub-7891478850122465~6704621236,BG,20260814,iOS,2,0,0,0,2
ca-app-pub-7891478850122465/6721664164,ca-app-pub-7891478850122465~6704621236,BG,20260814,iOS,2,0,0,0,2
ca-app-pub-7891478850122465/8171033829,ca-app-pub-7891478850122465~6704621236,BG,20260814,iOS,2,0,1680,2,2
ca-app-pub-7891478850122465/6565020438,ca-app-pub-7891478850122465~6704621236,BR,20260814,iOS,12,0,27651,4,12
ca-app-pub-7891478850122465/6721664164,ca-app-pub-7891478850122465~6704621236,BR,20260814,iOS,9,1,7754,6,9
ca-app-pub-7891478850122465/8171033829,ca-app-pub-7891478850122465~6704621236,BR,20260814,iOS,12,0,6605,10,12
ca-app-pub-7891478850122465/6565020438,ca-app-pub-7891478850122465~6704621236,CA,20260814,iOS,3,0,0,0,3
ca-app-pub-7891478850122465/6721664164,ca-app-pub-7891478850122465~6704621236,CA,20260814,iOS,3,0,9581,1,3
ca-app-pub-7891478850122465/8171033829,ca-app-pub-7891478850122465~6704621236,CA,20260814,iOS,1,0,1398,1,1
ca-app-pub-7891478850122465/6565020438,ca-app-pub-7891478850122465~6704621236,CI,20260814,iOS,1,0,0,0,1
ca-app-pub-7891478850122465/6721664164,ca-app-pub-7891478850122465~6704621236,CI,20260814,iOS,1,0,0,0,1
ca-app-pub-7891478850122465/6565020438,ca-app-pub-7891478850122465~6704621236,CN,20260814,iOS,33,0,3471,1,33
ca-app-pub-7891478850122465/6721664164,ca-app-pub-7891478850122465~6704621236,CN,20260814,iOS,40,0,35657,23,40
ca-app-pub-7891478850122465/8171033829,ca-app-pub-7891478850122465~6704621236,CN,20260814,iOS,13,0,5276,10,13
ca-app-pub-7891478850122465/8171033829,ca-app-pub-7891478850122465~6704621236,CO,20260814,iOS,2,0,0,0,2
ca-app-pub-7891478850122465/6565020438,ca-app-pub-7891478850122465~6704621236,DE,20260814,iOS,10,0,0,0,10
ca-app-pub-7891478850122465/6721664164,ca-app-pub-7891478850122465~6704621236,DE,20260814,iOS,5,0,0,0,5
ca-app-pub-7891478850122465/6565020438,ca-app-pub-7891478850122465~6704621236,DK,20260814,iOS,4,0,0,0,4
ca-app-pub-7891478850122465/6721664164,ca-app-pub-7891478850122465~6704621236,DK,20260814,iOS,2,0,0,0,2
ca-app-pub-7891478850122465/6565020438,ca-app-pub-7891478850122465~6704621236,DO,20260814,iOS,5,0,1232,1,5
ca-app-pub-7891478850122465/6721664164,ca-app-pub-7891478850122465~6704621236,DO,20260814,iOS,3,0,756,1,3
ca-app-pub-7891478850122465/8171033829,ca-app-pub-7891478850122465~6704621236,DO,20260814,iOS,3,0,381,1,3
ca-app-pub-7891478850122465/6565020438,ca-app-pub-7891478850122465~6704621236,ES,20260814,iOS,12,0,0,0,12
ca-app-pub-7891478850122465/6721664164,ca-app-pub-7891478850122465~6704621236,ES,20260814,iOS,6,0,0,0,6
ca-app-pub-7891478850122465/8171033829,ca-app-pub-7891478850122465~6704621236,ES,20260814,iOS,1,0,0,0,1
ca-app-pub-7891478850122465/6565020438,ca-app-pub-7891478850122465~6704621236,FR,20260814,iOS,14,0,0,0,14
ca-app-pub-7891478850122465/6721664164,ca-app-pub-7891478850122465~6704621236,FR,20260814,iOS,7,0,0,0,7
ca-app-pub-7891478850122465/8171033829,ca-app-pub-7891478850122465~6704621236,FR,20260814,iOS,2,0,0,0,2
ca-app-pub-7891478850122465/6565020438,ca-app-pub-7891478850122465~6704621236,GB,20260814,iOS,1,0,0,0,1
ca-app-pub-7891478850122465/6721664164,ca-app-pub-7891478850122465~6704621236,GB,20260814,iOS,1,0,0,0,1
ca-app-pub-7891478850122465/6565020438,ca-app-pub-7891478850122465~6704621236,HK,20260814,iOS,3,0,0,0,3
ca-app-pub-7891478850122465/6721664164,ca-app-pub-7891478850122465~6704621236,HK,20260814,iOS,5,0,1318,2,5
ca-app-pub-7891478850122465/8171033829,ca-app-pub-7891478850122465~6704621236,HK,20260814,iOS,2,0,577,2,2
ca-app-pub-7891478850122465/6565020438,ca-app-pub-7891478850122465~6704621236,IL,20260814,iOS,6,0,7462,2,6
ca-app-pub-7891478850122465/6721664164,ca-app-pub-7891478850122465~6704621236,IL,20260814,iOS,4,0,2747,2,4
ca-app-pub-7891478850122465/8171033829,ca-app-pub-7891478850122465~6704621236,IL,20260814,iOS,7,1,10767,6,7
ca-app-pub-7891478850122465/6565020438,ca-app-pub-7891478850122465~6704621236,IN,20260814,iOS,3,0,1054,1,3
ca-app-pub-7891478850122465/6721664164,ca-app-pub-7891478850122465~6704621236,IN,20260814,iOS,4,0,1482,3,4
ca-app-pub-7891478850122465/8171033829,ca-app-pub-7891478850122465~6704621236,IN,20260814,iOS,3,1,401,2,3
ca-app-pub-7891478850122465/6565020438,ca-app-pub-7891478850122465~6704621236,IQ,20260814,iOS,2,0,0,0,2
ca-app-pub-7891478850122465/6721664164,ca-app-pub-7891478850122465~6704621236,IQ,20260814,iOS,2,0,448,1,2
ca-app-pub-7891478850122465/8171033829,ca-app-pub-7891478850122465~6704621236,IQ,20260814,iOS,1,0,208,1,1
ca-app-pub-7891478850122465/6565020438,ca-app-pub-7891478850122465~6704621236,IR,20260814,iOS,1,0,0,0,1
ca-app-pub-7891478850122465/6721664164,ca-app-pub-7891478850122465~6704621236,IR,20260814,iOS,1,0,0,0,1
ca-app-pub-7891478850122465/6565020438,ca-app-pub-7891478850122465~6704621236,JM,20260814,iOS,5,0,2774,2,5
ca-app-pub-7891478850122465/6721664164,ca-app-pub-7891478850122465~6704621236,JM,20260814,iOS,6,0,5481,5,6
ca-app-pub-7891478850122465/8171033829,ca-app-pub-7891478850122465~6704621236,JM,20260814,iOS,14,0,6160,14,14
ca-app-pub-7891478850122465/6565020438,ca-app-pub-7891478850122465~6704621236,JP,20260814,iOS,4,0,5760,1,4
ca-app-pub-7891478850122465/6721664164,ca-app-pub-7891478850122465~6704621236,JP,20260814,iOS,3,0,1583,1,3
ca-app-pub-7891478850122465/8171033829,ca-app-pub-7891478850122465~6704621236,JP,20260814,iOS,2,0,853,1,2
ca-app-pub-7891478850122465/6565020438,ca-app-pub-7891478850122465~6704621236,MA,20260814,iOS,1,0,0,0,1
ca-app-pub-7891478850122465/6721664164,ca-app-pub-7891478850122465~6704621236,MA,20260814,iOS,1,0,0,0,1
ca-app-pub-7891478850122465/8171033829,ca-app-pub-7891478850122465~6704621236,MA,20260814,iOS,1,0,0,0,1
ca-app-pub-7891478850122465/6565020438,ca-app-pub-7891478850122465~6704621236,ML,20260814,iOS,3,0,0,0,3
ca-app-pub-7891478850122465/6721664164,ca-app-pub-7891478850122465~6704621236,ML,20260814,iOS,2,0,1559,1,2
ca-app-pub-7891478850122465/8171033829,ca-app-pub-7891478850122465~6704621236,ML,20260814,iOS,2,0,769,2,2
ca-app-pub-7891478850122465/6565020438,ca-app-pub-7891478850122465~6704621236,MX,20260814,iOS,9,0,19171,2,9
ca-app-pub-7891478850122465/6721664164,ca-app-pub-7891478850122465~6704621236,MX,20260814,iOS,9,0,8401,5,9
ca-app-pub-7891478850122465/8171033829,ca-app-pub-7891478850122465~6704621236,MX,20260814,iOS,3,0,10326,3,3
ca-app-pub-7891478850122465/6565020438,ca-app-pub-7891478850122465~6704621236,OM,20260814,iOS,5,0,8737,1,5
ca-app-pub-7891478850122465/6721664164,ca-app-pub-7891478850122465~6704621236,OM,20260814,iOS,4,1,6918,2,4
ca-app-pub-7891478850122465/8171033829,ca-app-pub-7891478850122465~6704621236,OM,20260814,iOS,2,0,1673,2,2
ca-app-pub-7891478850122465/6565020438,ca-app-pub-7891478850122465~6704621236,PK,20260814,iOS,5,0,2503,2,5
ca-app-pub-7891478850122465/6721664164,ca-app-pub-7891478850122465~6704621236,PK,20260814,iOS,3,0,1158,2,3
ca-app-pub-7891478850122465/8171033829,ca-app-pub-7891478850122465~6704621236,PK,20260814,iOS,3,0,754,3,3
ca-app-pub-7891478850122465/6565020438,ca-app-pub-7891478850122465~6704621236,PR,20260814,iOS,3,0,9661,1,3
ca-app-pub-7891478850122465/6721664164,ca-app-pub-7891478850122465~6704621236,PR,20260814,iOS,2,0,4152,1,2
ca-app-pub-7891478850122465/8171033829,ca-app-pub-7891478850122465~6704621236,PR,20260814,iOS,3,0,11919,3,3
ca-app-pub-7891478850122465/6565020438,ca-app-pub-7891478850122465~6704621236,SA,20260814,iOS,9,0,0,0,9
ca-app-pub-7891478850122465/6721664164,ca-app-pub-7891478850122465~6704621236,SA,20260814,iOS,7,0,15023,4,7
ca-app-pub-7891478850122465/8171033829,ca-app-pub-7891478850122465~6704621236,SA,20260814,iOS,5,0,4300,3,5
ca-app-pub-7891478850122465/6565020438,ca-app-pub-7891478850122465~6704621236,SN,20260814,iOS,3,0,1231,1,3
ca-app-pub-7891478850122465/6721664164,ca-app-pub-7891478850122465~6704621236,SN,20260814,iOS,2,0,667,1,2
ca-app-pub-7891478850122465/8171033829,ca-app-pub-7891478850122465~6704621236,SN,20260814,iOS,3,0,409,2,3
ca-app-pub-7891478850122465/6565020438,ca-app-pub-7891478850122465~6704621236,TH,20260814,iOS,2,0,0,0,2
ca-app-pub-7891478850122465/6721664164,ca-app-pub-7891478850122465~6704621236,TH,20260814,iOS,2,0,0,0,2
ca-app-pub-7891478850122465/8171033829,ca-app-pub-7891478850122465~6704621236,TH,20260814,iOS,1,0,0,0,1
ca-app-pub-7891478850122465/6565020438,ca-app-pub-7891478850122465~6704621236,TR,20260814,iOS,3,0,0,0,3
ca-app-pub-7891478850122465/6721664164,ca-app-pub-7891478850122465~6704621236,TR,20260814,iOS,9,1,695,6,9
ca-app-pub-7891478850122465/8171033829,ca-app-pub-7891478850122465~6704621236,TR,20260814,iOS,5,0,180,3,5
ca-app-pub-7891478850122465/1859860932,ca-app-pub-7891478850122465~6704621236,US,20260814,iOS,3,0,0,0,3
ca-app-pub-7891478850122465/6565020438,ca-app-pub-7891478850122465~6704621236,US,20260814,iOS,79,2,156761,12,79
ca-app-pub-7891478850122465/6721664164,ca-app-pub-7891478850122465~6704621236,US,20260814,iOS,63,0,192691,22,63
ca-app-pub-7891478850122465/8171033829,ca-app-pub-7891478850122465~6704621236,US,20260814,iOS,28,1,56730,26,28
ca-app-pub-7891478850122465/6565020438,ca-app-pub-7891478850122465~6704621236,AE,20260815,iOS,11,0,0,0,11
ca-app-pub-7891478850122465/8171033829,ca-app-pub-7891478850122465~6704621236,AE,20260815,iOS,2,0,999,2,2
ca-app-pub-7891478850122465/6565020438,ca-app-pub-7891478850122465~6704621236,AU,20260815,iOS,3,0,16957,1,3
ca-app-pub-7891478850122465/6721664164,ca-app-pub-7891478850122465~6704621236,AU,20260815,iOS,2,1,12358,1,2
ca-app-pub-7891478850122465/8171033829,ca-app-pub-7891478850122465~6704621236,AU,20260815,iOS,3,0,5447,3,3
ca-app-pub-7891478850122465/6565020438,ca-app-pub-7891478850122465~6704621236,BR,20260815,iOS,6,0,2951,1,6
ca-app-pub-7891478850122465/6721664164,ca-app-pub-7891478850122465~6704621236,BR,20260815,iOS,4,0,1602,2,4
ca-app-pub-7891478850122465/8171033829,ca-app-pub-7891478850122465~6704621236,BR,20260815,iOS,4,0,1695,4,4
ca-app-pub-7891478850122465/6565020438,ca-app-pub-7891478850122465~6704621236,CA,20260815,iOS,8,0,13170,4,8
ca-app-pub-7891478850122465/6721664164,ca-app-pub-7891478850122465~6704621236,CA,20260815,iOS,6,0,3056,3,6
ca-app-pub-7891478850122465/8171033829,ca-app-pub-7891478850122465~6704621236,CA,20260815,iOS,12,1,12826,12,12
ca-app-pub-7891478850122465/6565020438,ca-app-pub-7891478850122465~6704621236,CD,20260815,iOS,7,0,6177,3,7
ca-app-pub-7891478850122465/6721664164,ca-app-pub-7891478850122465~6704621236,CD,20260815,iOS,5,0,4199,4,5
ca-app-pub-7891478850122465/8171033829,ca-app-pub-7891478850122465~6704621236,CD,20260815,iOS,5,0,1096,3,5
ca-app-pub-7891478850122465/6565020438,ca-app-pub-7891478850122465~6704621236,CG,20260815,iOS,5,0,4808,2,5
ca-app-pub-7891478850122465/6721664164,ca-app-pub-7891478850122465~6704621236,CG,20260815,iOS,2,0,816,1,2
ca-app-pub-7891478850122465/8171033829,ca-app-pub-7891478850122465~6704621236,CG,20260815,iOS,5,0,2015,4,5
ca-app-pub-7891478850122465/6565020438,ca-app-pub-7891478850122465~6704621236,CH,20260815,iOS,8,0,0,0,8
ca-app-pub-7891478850122465/6721664164,ca-app-pub-7891478850122465~6704621236,CH,20260815,iOS,4,0,0,0,4
ca-app-pub-7891478850122465/6565020438,ca-app-pub-7891478850122465~6704621236,CI,20260815,iOS,5,0,1656,1,5
ca-app-pub-7891478850122465/6721664164,ca-app-pub-7891478850122465~6704621236,CI,20260815,iOS,3,0,2513,1,3
ca-app-pub-7891478850122465/8171033829,ca-app-pub-7891478850122465~6704621236,CI,20260815,iOS,4,0,1359,4,4
ca-app-pub-7891478850122465/6565020438,ca-app-pub-7891478850122465~6704621236,CN,20260815,iOS,35,0,10671,3,35
ca-app-pub-7891478850122465/6721664164,ca-app-pub-7891478850122465~6704621236,CN,20260815,iOS,40,0,35613,30,40
ca-app-pub-7891478850122465/8171033829,ca-app-pub-7891478850122465~6704621236,CN,20260815,iOS,25,0,11587,21,25
ca-app-pub-7891478850122465/6565020438,ca-app-pub-7891478850122465~6704621236,CO,20260815,iOS,2,0,0,0,2
ca-app-pub-7891478850122465/6721664164,ca-app-pub-7891478850122465~6704621236,CO,20260815,iOS,1,0,6827,1,1
ca-app-pub-7891478850122465/8171033829,ca-app-pub-7891478850122465~6704621236,CO,20260815,iOS,3,0,742,1,3
ca-app-pub-7891478850122465/6565020438,ca-app-pub-7891478850122465~6704621236,DO,20260815,iOS,3,0,0,0,3
ca-app-pub-7891478850122465/6721664164,ca-app-pub-7891478850122465~6704621236,DO,20260815,iOS,2,0,5240,1,2
ca-app-pub-7891478850122465/8171033829,ca-app-pub-7891478850122465~6704621236,DO,20260815,iOS,1,0,4749,1,1
ca-app-pub-7891478850122465/6565020438,ca-app-pub-7891478850122465~6704621236,DZ,20260815,iOS,2,0,0,0,2
ca-app-pub-7891478850122465/6721664164,ca-app-pub-7891478850122465~6704621236,DZ,20260815,iOS,2,0,743,1,2
ca-app-pub-7891478850122465/8171033829,ca-app-pub-7891478850122465~6704621236,DZ,20260815,iOS,1,0,110,1,1
ca-app-pub-7891478850122465/6565020438,ca-app-pub-7891478850122465~6704621236,ES,20260815,iOS,4,0,0,0,4
ca-app-pub-7891478850122465/6721664164,ca-app-pub-7891478850122465~6704621236,ES,20260815,iOS,2,0,0,0,2
ca-app-pub-7891478850122465/6565020438,ca-app-pub-7891478850122465~6704621236,ET,20260815,iOS,3,0,1768,1,3
ca-app-pub-7891478850122465/6721664164,ca-app-pub-7891478850122465~6704621236,ET,20260815,iOS,3,0,1991,2,3
ca-app-pub-7891478850122465/8171033829,ca-app-pub-7891478850122465~6704621236,ET,20260815,iOS,5,0,1831,4,5
ca-app-pub-7891478850122465/6565020438,ca-app-pub-7891478850122465~6704621236,FR,20260815,iOS,16,0,0,0,16
ca-app-pub-7891478850122465/6721664164,ca-app-pub-7891478850122465~6704621236,FR,20260815,iOS,8,0,0,0,8
ca-app-pub-7891478850122465/6565020438,ca-app-pub-7891478850122465~6704621236,GB,20260815,iOS,13,0,0,0,13
ca-app-pub-7891478850122465/6721664164,ca-app-pub-7891478850122465~6704621236,GB,20260815,iOS,10,0,0,0,10
ca-app-pub-7891478850122465/1859860932,ca-app-pub-7891478850122465~6704621236,GH,20260815,iOS,1,0,0,0,1
ca-app-pub-7891478850122465/6565020438,ca-app-pub-7891478850122465~6704621236,GH,20260815,iOS,4,0,0,0,4
ca-app-pub-7891478850122465/6721664164,ca-app-pub-7891478850122465~6704621236,GH,20260815,iOS,4,0,1672,1,4
ca-app-pub-7891478850122465/8171033829,ca-app-pub-7891478850122465~6704621236,GH,20260815,iOS,2,0,440,1,2
ca-app-pub-7891478850122465/6565020438,ca-app-pub-7891478850122465~6704621236,HK,20260815,iOS,8,0,0,0,8
ca-app-pub-7891478850122465/6721664164,ca-app-pub-7891478850122465~6704621236,HK,20260815,iOS,8,0,1910,4,8
ca-app-pub-7891478850122465/8171033829,ca-app-pub-7891478850122465~6704621236,HK,20260815,iOS,4,0,1857,4,4
ca-app-pub-7891478850122465/6565020438,ca-app-pub-7891478850122465~6704621236,HU,20260815,iOS,1,0,0,0,1
ca-app-pub-7891478850122465/6721664164,ca-app-pub-7891478850122465~6704621236,HU,20260815,iOS,1,0,0,0,1
ca-app-pub-7891478850122465/6565020438,ca-app-pub-7891478850122465~6704621236,ID,20260815,iOS,5,0,0,0,5
ca-app-pub-7891478850122465/6721664164,ca-app-pub-7891478850122465~6704621236,ID,20260815,iOS,4,1,27425,4,4
ca-app-pub-7891478850122465/8171033829,ca-app-pub-7891478850122465~6704621236,ID,20260815,iOS,2,1,3312,1,2
ca-app-pub-7891478850122465/6565020438,ca-app-pub-7891478850122465~6704621236,IR,20260815,iOS,2,0,0,0,2
ca-app-pub-7891478850122465/6721664164,ca-app-pub-7891478850122465~6704621236,IR,20260815,iOS,2,0,0,0,2
ca-app-pub-7891478850122465/6565020438,ca-app-pub-7891478850122465~6704621236,JP,20260815,iOS,2,0,0,0,2
ca-app-pub-7891478850122465/6721664164,ca-app-pub-7891478850122465~6704621236,JP,20260815,iOS,2,0,0,0,2
ca-app-pub-7891478850122465/6565020438,ca-app-pub-7891478850122465~6704621236,MX,20260815,iOS,4,0,0,0,4
ca-app-pub-7891478850122465/6721664164,ca-app-pub-7891478850122465~6704621236,MX,20260815,iOS,4,0,658,1,4
ca-app-pub-7891478850122465/8171033829,ca-app-pub-7891478850122465~6704621236,MX,20260815,iOS,3,0,4977,3,3
ca-app-pub-7891478850122465/6565020438,ca-app-pub-7891478850122465~6704621236,OM,20260815,iOS,5,0,0,0,5
ca-app-pub-7891478850122465/6721664164,ca-app-pub-7891478850122465~6704621236,OM,20260815,iOS,3,0,2271,2,3
ca-app-pub-7891478850122465/6565020438,ca-app-pub-7891478850122465~6704621236,PH,20260815,iOS,4,0,0,0,4
ca-app-pub-7891478850122465/6721664164,ca-app-pub-7891478850122465~6704621236,PH,20260815,iOS,3,0,527,1,3
ca-app-pub-7891478850122465/8171033829,ca-app-pub-7891478850122465~6704621236,PH,20260815,iOS,2,0,370,1,2
ca-app-pub-7891478850122465/6565020438,ca-app-pub-7891478850122465~6704621236,SA,20260815,iOS,3,0,0,0,3
ca-app-pub-7891478850122465/6721664164,ca-app-pub-7891478850122465~6704621236,SA,20260815,iOS,2,0,1406,1,2
ca-app-pub-7891478850122465/8171033829,ca-app-pub-7891478850122465~6704621236,SA,20260815,iOS,1,0,223,1,1
ca-app-pub-7891478850122465/6565020438,ca-app-pub-7891478850122465~6704621236,SK,20260815,iOS,1,0,0,0,1
ca-app-pub-7891478850122465/6721664164,ca-app-pub-7891478850122465~6704621236,SK,20260815,iOS,1,0,0,0,1
ca-app-pub-7891478850122465/6565020438,ca-app-pub-7891478850122465~6704621236,SN,20260815,iOS,1,0,0,0,1
ca-app-pub-7891478850122465/6721664164,ca-app-pub-7891478850122465~6704621236,SN,20260815,iOS,1,0,0,0,1
ca-app-pub-7891478850122465/6565020438,ca-app-pub-7891478850122465~6704621236,TH,20260815,iOS,2,0,0,0,2
ca-app-pub-7891478850122465/6721664164,ca-app-pub-7891478850122465~6704621236,TH,20260815,iOS,2,0,0,0,2
ca-app-pub-7891478850122465/6565020438,ca-app-pub-7891478850122465~6704621236,TR,20260815,iOS,4,0,0,0,4
ca-app-pub-7891478850122465/6721664164,ca-app-pub-7891478850122465~6704621236,TR,20260815,iOS,4,0,0,0,4
ca-app-pub-7891478850122465/6565020438,ca-app-pub-7891478850122465~6704621236,UG,20260815,iOS,2,0,0,0,2
ca-app-pub-7891478850122465/6721664164,ca-app-pub-7891478850122465~6704621236,UG,20260815,iOS,1,0,0,0,1
ca-app-pub-7891478850122465/8171033829,ca-app-pub-7891478850122465~6704621236,UG,20260815,iOS,1,0,0,0,1
ca-app-pub-7891478850122465/1859860932,ca-app-pub-7891478850122465~6704621236,US,20260815,iOS,1,0,0,0,1
ca-app-pub-7891478850122465/6565020438,ca-app-pub-7891478850122465~6704621236,US,20260815,iOS,93,4,158848,5,93
ca-app-pub-7891478850122465/6721664164,ca-app-pub-7891478850122465~6704621236,US,20260815,iOS,74,2,594948,32,74
ca-app-pub-7891478850122465/8171033829,ca-app-pub-7891478850122465~6704621236,US,20260815,iOS,34,1,116578,30,34
ca-app-pub-7891478850122465/6565020438,ca-app-pub-7891478850122465~6704621236,UY,20260815,iOS,2,0,0,0,2
ca-app-pub-7891478850122465/6721664164,ca-app-pub-7891478850122465~6704621236,UY,20260815,iOS,2,0,11999,1,2
ca-app-pub-7891478850122465/8171033829,ca-app-pub-7891478850122465~6704621236,UY,20260815,iOS,1,0,656,1,1
ca-app-pub-7891478850122465/1859860932,ca-app-pub-7891478850122465~6704621236,VE,20260815,iOS,1,0,0,0,1
ca-app-pub-7891478850122465/6565020438,ca-app-pub-7891478850122465~6704621236,VE,20260815,iOS,2,0,0,0,2
ca-app-pub-7891478850122465/6721664164,ca-app-pub-7891478850122465~6704621236,VE,20260815,iOS,2,0,0,0,2
ca-app-pub-7891478850122465/8171033829,ca-app-pub-7891478850122465~6704621236,VE,20260815,iOS,2,0,0,0,2
ca-app-pub-7891478850122465/6565020438,ca-app-pub-7891478850122465~6704621236,ZA,20260815,iOS,6,0,0,0,6
ca-app-pub-7891478850122465/6721664164,ca-app-pub-7891478850122465~6704621236,ZA,20260815,iOS,4,1,2029,1,4
ca-app-pub-7891478850122465/6565020438,ca-app-pub-7891478850122465~6704621236,AE,20260816,iOS,4,0,12708,1,4
ca-app-pub-7891478850122465/6721664164,ca-app-pub-7891478850122465~6704621236,AE,20260816,iOS,3,0,6599,1,3
ca-app-pub-7891478850122465/8171033829,ca-app-pub-7891478850122465~6704621236,AE,20260816,iOS,2,0,10703,2,2
ca-app-pub-7891478850122465/6565020438,ca-app-pub-7891478850122465~6704621236,AR,20260816,iOS,4,0,3102,2,4
ca-app-pub-7891478850122465/6721664164,ca-app-pub-7891478850122465~6704621236,AR,20260816,iOS,2,0,917,1,2
ca-app-pub-7891478850122465/8171033829,ca-app-pub-7891478850122465~6704621236,AR,20260816,iOS,5,0,4791,5,5
ca-app-pub-7891478850122465/6565020438,ca-app-pub-7891478850122465~6704621236,BR,20260816,iOS,11,0,13409,3,11
ca-app-pub-7891478850122465/6721664164,ca-app-pub-7891478850122465~6704621236,BR,20260816,iOS,8,0,11176,6,8
ca-app-pub-7891478850122465/8171033829,ca-app-pub-7891478850122465~6704621236,BR,20260816,iOS,8,0,5409,8,8
ca-app-pub-7891478850122465/6565020438,ca-app-pub-7891478850122465~6704621236,CM,20260816,iOS,7,0,15088,2,7
ca-app-pub-7891478850122465/6721664164,ca-app-pub-7891478850122465~6704621236,CM,20260816,iOS,5,0,6987,3,5
ca-app-pub-7891478850122465/8171033829,ca-app-pub-7891478850122465~6704621236,CM,20260816,iOS,6,1,3551,6,6
ca-app-pub-7891478850122465/1859860932,ca-app-pub-7891478850122465~6704621236,CN,20260816,iOS,1,0,0,0,1
ca-app-pub-7891478850122465/6565020438,ca-app-pub-7891478850122465~6704621236,CN,20260816,iOS,34,0,6179,2,34
ca-app-pub-7891478850122465/6721664164,ca-app-pub-7891478850122465~6704621236,CN,20260816,iOS,29,0,16652,16,29
ca-app-pub-7891478850122465/8171033829,ca-app-pub-7891478850122465~6704621236,CN,20260816,iOS,26,0,6546,17,26
ca-app-pub-7891478850122465/6565020438,ca-app-pub-7891478850122465~6704621236,CO,20260816,iOS,6,0,0,0,6
ca-app-pub-7891478850122465/6721664164,ca-app-pub-7891478850122465~6704621236,CO,20260816,iOS,4,0,5059,2,4
ca-app-pub-7891478850122465/8171033829,ca-app-pub-7891478850122465~6704621236,CO,20260816,iOS,5,0,532,1,5
ca-app-pub-7891478850122465/6565020438,ca-app-pub-7891478850122465~6704621236,DO,20260816,iOS,1,0,0,0,1
ca-app-pub-7891478850122465/6721664164,ca-app-pub-7891478850122465~6704621236,DO,20260816,iOS,1,0,0,0,1
ca-app-pub-7891478850122465/6565020438,ca-app-pub-7891478850122465~6704621236,ES,20260816,iOS,4,0,0,0,4
ca-app-pub-7891478850122465/6721664164,ca-app-pub-7891478850122465~6704621236,ES,20260816,iOS,2,0,0,0,2
ca-app-pub-7891478850122465/8171033829,ca-app-pub-7891478850122465~6704621236,ES,20260816,iOS,1,0,0,0,1
ca-app-pub-7891478850122465/6565020438,ca-app-pub-7891478850122465~6704621236,FR,20260816,iOS,16,0,0,0,16
ca-app-pub-7891478850122465/6721664164,ca-app-pub-7891478850122465~6704621236,FR,20260816,iOS,8,0,0,0,8
ca-app-pub-7891478850122465/8171033829,ca-app-pub-7891478850122465~6704621236,FR,20260816,iOS,4,0,0,0,4
ca-app-pub-7891478850122465/6565020438,ca-app-pub-7891478850122465~6704621236,GB,20260816,iOS,1,0,0,0,1
ca-app-pub-7891478850122465/6721664164,ca-app-pub-7891478850122465~6704621236,GB,20260816,iOS,1,0,0,0,1
ca-app-pub-7891478850122465/6565020438,ca-app-pub-7891478850122465~6704621236,GH,20260816,iOS,4,0,2112,1,4
ca-app-pub-7891478850122465/6721664164,ca-app-pub-7891478850122465~6704621236,GH,20260816,iOS,2,0,792,1,2
ca-app-pub-7891478850122465/8171033829,ca-app-pub-7891478850122465~6704621236,GH,20260816,iOS,4,0,2263,4,4
ca-app-pub-7891478850122465/6565020438,ca-app-pub-7891478850122465~6704621236,GT,20260816,iOS,4,0,8543,2,4
ca-app-pub-7891478850122465/6721664164,ca-app-pub-7891478850122465~6704621236,GT,20260816,iOS,4,0,4277,3,4
ca-app-pub-7891478850122465/8171033829,ca-app-pub-7891478850122465~6704621236,GT,20260816,iOS,3,0,2720,2,3
ca-app-pub-7891478850122465/6565020438,ca-app-pub-7891478850122465~6704621236,HK,20260816,iOS,4,0,0,0,4
ca-app-pub-7891478850122465/6721664164,ca-app-pub-7891478850122465~6704621236,HK,20260816,iOS,4,0,1055,2,4
ca-app-pub-7891478850122465/8171033829,ca-app-pub-7891478850122465~6704621236,HK,20260816,iOS,2,0,439,1,2
ca-app-pub-7891478850122465/6565020438,ca-app-pub-7891478850122465~6704621236,IN,20260816,iOS,2,0,0,0,2
ca-app-pub-7891478850122465/6721664164,ca-app-pub-7891478850122465~6704621236,IN,20260816,iOS,5,0,809,4,5
ca-app-pub-7891478850122465/8171033829,ca-app-pub-7891478850122465~6704621236,IN,20260816,iOS,2,0,127,1,2
ca-app-pub-7891478850122465/6565020438,ca-app-pub-7891478850122465~6704621236,IQ,20260816,iOS,3,0,1117,1,3
ca-app-pub-7891478850122465/6721664164,ca-app-pub-7891478850122465~6704621236,IQ,20260816,iOS,2,0,618,2,2
ca-app-pub-7891478850122465/8171033829,ca-app-pub-7891478850122465~6704621236,IQ,20260816,iOS,3,0,556,3,3
ca-app-pub-7891478850122465/6565020438,ca-app-pub-7891478850122465~6704621236,IT,20260816,iOS,20,0,0,0,20
ca-app-pub-7891478850122465/6721664164,ca-app-pub-7891478850122465~6704621236,IT,20260816,iOS,10,0,0,0,10
ca-app-pub-7891478850122465/6565020438,ca-app-pub-7891478850122465~6704621236,JP,20260816,iOS,1,0,0,0,1
ca-app-pub-7891478850122465/6721664164,ca-app-pub-7891478850122465~6704621236,JP,20260816,iOS,1,0,0,0,1
ca-app-pub-7891478850122465/6565020438,ca-app-pub-7891478850122465~6704621236,MA,20260816,iOS,5,0,1408,2,5
ca-app-pub-7891478850122465/6721664164,ca-app-pub-7891478850122465~6704621236,MA,20260816,iOS,3,0,611,2,3
ca-app-pub-7891478850122465/8171033829,ca-app-pub-7891478850122465~6704621236,MA,20260816,iOS,3,0,440,3,3
ca-app-pub-7891478850122465/6565020438,ca-app-pub-7891478850122465~6704621236,MX,20260816,iOS,2,0,0,0,2
ca-app-pub-7891478850122465/6721664164,ca-app-pub-7891478850122465~6704621236,MX,20260816,iOS,2,0,0,0,2
ca-app-pub-7891478850122465/6565020438,ca-app-pub-7891478850122465~6704621236,OM,20260816,iOS,1,0,0,0,1
ca-app-pub-7891478850122465/6721664164,ca-app-pub-7891478850122465~6704621236,OM,20260816,iOS,1,0,0,0,1
ca-app-pub-7891478850122465/6565020438,ca-app-pub-7891478850122465~6704621236,PH,20260816,iOS,1,0,0,0,1
ca-app-pub-7891478850122465/6721664164,ca-app-pub-7891478850122465~6704621236,PH,20260816,iOS,1,0,0,0,1
ca-app-pub-7891478850122465/6565020438,ca-app-pub-7891478850122465~6704621236,SK,20260816,iOS,1,0,0,0,1
ca-app-pub-7891478850122465/6721664164,ca-app-pub-7891478850122465~6704621236,SK,20260816,iOS,1,0,0,0,1
ca-app-pub-7891478850122465/6565020438,ca-app-pub-7891478850122465~6704621236,SL,20260816,iOS,2,0,0,0,2
ca-app-pub-7891478850122465/6721664164,ca-app-pub-7891478850122465~6704621236,SL,20260816,iOS,1,0,0,0,1
ca-app-pub-7891478850122465/8171033829,ca-app-pub-7891478850122465~6704621236,SL,20260816,iOS,1,0,0,0,1
ca-app-pub-7891478850122465/6565020438,ca-app-pub-7891478850122465~6704621236,SN,20260816,iOS,1,0,0,0,1
ca-app-pub-7891478850122465/6721664164,ca-app-pub-7891478850122465~6704621236,SN,20260816,iOS,1,0,0,0,1
ca-app-pub-7891478850122465/6565020438,ca-app-pub-7891478850122465~6704621236,TH,20260816,iOS,1,0,0,0,1
ca-app-pub-7891478850122465/6721664164,ca-app-pub-7891478850122465~6704621236,TH,20260816,iOS,1,0,0,0,1
ca-app-pub-7891478850122465/6565020438,ca-app-pub-7891478850122465~6704621236,TR,20260816,iOS,4,0,0,0,4
ca-app-pub-7891478850122465/6721664164,ca-app-pub-7891478850122465~6704621236,TR,20260816,iOS,4,0,0,0,4
ca-app-pub-7891478850122465/6565020438,ca-app-pub-7891478850122465~6704621236,TW,20260816,iOS,3,0,30197,2,3
ca-app-pub-7891478850122465/6721664164,ca-app-pub-7891478850122465~6704621236,TW,20260816,iOS,2,0,8286,1,2
ca-app-pub-7891478850122465/8171033829,ca-app-pub-7891478850122465~6704621236,TW,20260816,iOS,2,0,1600,1,2
ca-app-pub-7891478850122465/1859860932,ca-app-pub-7891478850122465~6704621236,US,20260816,iOS,7,2,195238,2,7
ca-app-pub-7891478850122465/6565020438,ca-app-pub-7891478850122465~6704621236,US,20260816,iOS,86,0,218388,5,86
ca-app-pub-7891478850122465/6721664164,ca-app-pub-7891478850122465~6704621236,US,20260816,iOS,69,6,618571,27,69
ca-app-pub-7891478850122465/8171033829,ca-app-pub-7891478850122465~6704621236,US,20260816,iOS,35,0,185055,31,35
ca-app-pub-7891478850122465/6565020438,ca-app-pub-7891478850122465~6704621236,AU,20260817,iOS,5,0,5287,2,5
ca-app-pub-7891478850122465/6721664164,ca-app-pub-7891478850122465~6704621236,AU,20260817,iOS,3,0,1576,2,3
ca-app-pub-7891478850122465/8171033829,ca-app-pub-7891478850122465~6704621236,AU,20260817,iOS,2,0,6679,2,2
ca-app-pub-7891478850122465/6565020438,ca-app-pub-7891478850122465~6704621236,BG,20260817,iOS,1,0,0,0,1
ca-app-pub-7891478850122465/6721664164,ca-app-pub-7891478850122465~6704621236,BG,20260817,iOS,1,0,0,0,1
ca-app-pub-7891478850122465/6565020438,ca-app-pub-7891478850122465~6704621236,BR,20260817,iOS,7,0,4083,1,7
ca-app-pub-7891478850122465/6721664164,ca-app-pub-7891478850122465~6704621236,BR,20260817,iOS,5,0,2533,2,5
ca-app-pub-7891478850122465/8171033829,ca-app-pub-7891478850122465~6704621236,BR,20260817,iOS,5,1,2979,5,5
ca-app-pub-7891478850122465/6565020438,ca-app-pub-7891478850122465~6704621236,CA,20260817,iOS,10,0,17775,2,10
ca-app-pub-7891478850122465/6721664164,ca-app-pub-7891478850122465~6704621236,CA,20260817,iOS,7,0,57404,5,7
ca-app-pub-7891478850122465/8171033829,ca-app-pub-7891478850122465~6704621236,CA,20260817,iOS,7,0,16215,6,7
ca-app-pub-7891478850122465/6565020438,ca-app-pub-7891478850122465~6704621236,CD,20260817,iOS,1,0,0,0,1
ca-app-pub-7891478850122465/6721664164,ca-app-pub-7891478850122465~6704621236,CD,20260817,iOS,1,0,0,0,1
ca-app-pub-7891478850122465/6565020438,ca-app-pub-7891478850122465~6704621236,CM,20260817,iOS,5,0,2896,1,5
ca-app-pub-7891478850122465/6721664164,ca-app-pub-7891478850122465~6704621236,CM,20260817,iOS,2,0,1559,1,2
ca-app-pub-7891478850122465/8171033829,ca-app-pub-7891478850122465~6704621236,CM,20260817,iOS,3,0,1071,3,3
ca-app-pub-7891478850122465/6565020438,ca-app-pub-7891478850122465~6704621236,CN,20260817,iOS,29,0,0,0,29
ca-app-pub-7891478850122465/6721664164,ca-app-pub-7891478850122465~6704621236,CN,20260817,iOS,22,3,20051,13,22
ca-app-pub-7891478850122465/8171033829,ca-app-pub-7891478850122465~6704621236,CN,20260817,iOS,18,3,7634,12,18
ca-app-pub-7891478850122465/6565020438,ca-app-pub-7891478850122465~6704621236,CO,20260817,iOS,1,0,0,0,1
ca-app-pub-7891478850122465/6721664164,ca-app-pub-7891478850122465~6704621236,CO,20260817,iOS,1,0,0,0,1
ca-app-pub-7891478850122465/8171033829,ca-app-pub-7891478850122465~6704621236,CO,20260817,iOS,3,0,0,0,3
ca-app-pub-7891478850122465/6565020438,ca-app-pub-7891478850122465~6704621236,ES,20260817,iOS,2,0,0,0,2
ca-app-pub-7891478850122465/6721664164,ca-app-pub-7891478850122465~6704621236,ES,20260817,iOS,1,0,0,0,1
ca-app-pub-7891478850122465/6565020438,ca-app-pub-7891478850122465~6704621236,FR,20260817,iOS,15,0,0,0,15
ca-app-pub-7891478850122465/6721664164,ca-app-pub-7891478850122465~6704621236,FR,20260817,iOS,7,0,0,0,7
ca-app-pub-7891478850122465/8171033829,ca-app-pub-7891478850122465~6704621236,FR,20260817,iOS,1,0,0,0,1
ca-app-pub-7891478850122465/1715908034,ca-app-pub-7891478850122465~6704621236,GB,20260817,iOS,2,0,0,0,2
ca-app-pub-7891478850122465/6565020438,ca-app-pub-7891478850122465~6704621236,GH,20260817,iOS,1,0,0,0,1
ca-app-pub-7891478850122465/6721664164,ca-app-pub-7891478850122465~6704621236,GH,20260817,iOS,1,0,0,0,1
ca-app-pub-7891478850122465/6565020438,ca-app-pub-7891478850122465~6704621236,GT,20260817,iOS,3,0,2992,1,3
ca-app-pub-7891478850122465/6721664164,ca-app-pub-7891478850122465~6704621236,GT,20260817,iOS,1,0,0,0,1
ca-app-pub-7891478850122465/8171033829,ca-app-pub-7891478850122465~6704621236,GT,20260817,iOS,2,0,728,1,2
ca-app-pub-7891478850122465/6565020438,ca-app-pub-7891478850122465~6704621236,HK,20260817,iOS,3,0,0,0,3
ca-app-pub-7891478850122465/6721664164,ca-app-pub-7891478850122465~6704621236,HK,20260817,iOS,3,0,933,2,3
ca-app-pub-7891478850122465/8171033829,ca-app-pub-7891478850122465~6704621236,HK,20260817,iOS,1,0,254,1,1
ca-app-pub-7891478850122465/6565020438,ca-app-pub-7891478850122465~6704621236,IE,20260817,iOS,2,0,0,0,2
ca-app-pub-7891478850122465/6721664164,ca-app-pub-7891478850122465~6704621236,IE,20260817,iOS,1,0,0,0,1
ca-app-pub-7891478850122465/6565020438,ca-app-pub-7891478850122465~6704621236,IN,20260817,iOS,9,0,1908,1,9
ca-app-pub-7891478850122465/6721664164,ca-app-pub-7891478850122465~6704621236,IN,20260817,iOS,8,0,1983,4,8
ca-app-pub-7891478850122465/8171033829,ca-app-pub-7891478850122465~6704621236,IN,20260817,iOS,7,0,3456,6,7
ca-app-pub-7891478850122465/6565020438,ca-app-pub-7891478850122465~6704621236,JP,20260817,iOS,12,0,163833,5,12
ca-app-pub-7891478850122465/6721664164,ca-app-pub-7891478850122465~6704621236,JP,20260817,iOS,8,0,41331,4,8
ca-app-pub-7891478850122465/8171033829,ca-app-pub-7891478850122465~6704621236,JP,20260817,iOS,10,0,20903,9,10
ca-app-pub-7891478850122465/6565020438,ca-app-pub-7891478850122465~6704621236,MX,20260817,iOS,3,0,0,0,3
ca-app-pub-7891478850122465/6721664164,ca-app-pub-7891478850122465~6704621236,MX,20260817,iOS,3,0,0,0,3
ca-app-pub-7891478850122465/6565020438,ca-app-pub-7891478850122465~6704621236,MY,20260817,iOS,3,0,0,0,3
ca-app-pub-7891478850122465/6721664164,ca-app-pub-7891478850122465~6704621236,MY,20260817,iOS,2,0,5480,2,2
ca-app-pub-7891478850122465/8171033829,ca-app-pub-7891478850122465~6704621236,MY,20260817,iOS,1,0,912,1,1
ca-app-pub-7891478850122465/6565020438,ca-app-pub-7891478850122465~6704621236,NG,20260817,iOS,3,0,0,0,3
ca-app-pub-7891478850122465/6721664164,ca-app-pub-7891478850122465~6704621236,NG,20260817,iOS,2,0,1024,1,2
ca-app-pub-7891478850122465/8171033829,ca-app-pub-7891478850122465~6704621236,NG,20260817,iOS,1,0,1088,1,1
ca-app-pub-7891478850122465/3192641239,ca-app-pub-7891478850122465~6704621236,PH,20260817,iOS,1,0,0,0,1
ca-app-pub-7891478850122465/6565020438,ca-app-pub-7891478850122465~6704621236,PH,20260817,iOS,1,0,0,0,1
ca-app-pub-7891478850122465/6721664164,ca-app-pub-7891478850122465~6704621236,PH,20260817,iOS,1,0,0,0,1
ca-app-pub-7891478850122465/6565020438,ca-app-pub-7891478850122465~6704621236,PL,20260817,iOS,2,0,0,0,2
ca-app-pub-7891478850122465/6721664164,ca-app-pub-7891478850122465~6704621236,PL,20260817,iOS,1,0,0,0,1
ca-app-pub-7891478850122465/6565020438,ca-app-pub-7891478850122465~6704621236,QA,20260817,iOS,4,0,23999,1,4
ca-app-pub-7891478850122465/6721664164,ca-app-pub-7891478850122465~6704621236,QA,20260817,iOS,2,0,11985,2,2
ca-app-pub-7891478850122465/8171033829,ca-app-pub-7891478850122465~6704621236,QA,20260817,iOS,2,0,5687,2,2
ca-app-pub-7891478850122465/6565020438,ca-app-pub-7891478850122465~6704621236,SA,20260817,iOS,6,0,21536,2,6
ca-app-pub-7891478850122465/6721664164,ca-app-pub-7891478850122465~6704621236,SA,20260817,iOS,4,0,7757,2,4
ca-app-pub-7891478850122465/8171033829,ca-app-pub-7891478850122465~6704621236,SA,20260817,iOS,4,0,2925,3,4
ca-app-pub-7891478850122465/6565020438,ca-app-pub-7891478850122465~6704621236,SN,20260817,iOS,1,0,0,0,1
ca-app-pub-7891478850122465/6565020438,ca-app-pub-7891478850122465~6704621236,TN,20260817,iOS,2,0,0,0,2
ca-app-pub-7891478850122465/6721664164,ca-app-pub-7891478850122465~6704621236,TN,20260817,iOS,4,1,3525,3,4
ca-app-pub-7891478850122465/8171033829,ca-app-pub-7891478850122465~6704621236,TN,20260817,iOS,1,0,208,1,1
ca-app-pub-7891478850122465/6565020438,ca-app-pub-7891478850122465~6704621236,TR,20260817,iOS,10,0,0,0,10
ca-app-pub-7891478850122465/6721664164,ca-app-pub-7891478850122465~6704621236,TR,20260817,iOS,12,0,649,6,12
ca-app-pub-7891478850122465/8171033829,ca-app-pub-7891478850122465~6704621236,TR,20260817,iOS,7,0,652,6,7
ca-app-pub-7891478850122465/6565020438,ca-app-pub-7891478850122465~6704621236,TW,20260817,iOS,1,0,0,0,1
ca-app-pub-7891478850122465/6721664164,ca-app-pub-7891478850122465~6704621236,TW,20260817,iOS,1,0,0,0,1
ca-app-pub-7891478850122465/1859860932,ca-app-pub-7891478850122465~6704621236,US,20260817,iOS,5,0,0,0,5
ca-app-pub-7891478850122465/6565020438,ca-app-pub-7891478850122465~6704621236,US,20260817,iOS,66,0,98304,2,66
ca-app-pub-7891478850122465/6721664164,ca-app-pub-7891478850122465~6704621236,US,20260817,iOS,60,3,561194,20,60
ca-app-pub-7891478850122465/8171033829,ca-app-pub-7891478850122465~6704621236,US,20260817,iOS,25,0,160286,20,25
ca-app-pub-7891478850122465/6565020438,ca-app-pub-7891478850122465~6704621236,VE,20260817,iOS,1,0,0,0,1
ca-app-pub-7891478850122465/6721664164,ca-app-pub-7891478850122465~6704621236,VE,20260817,iOS,1,0,0,0,1
ca-app-pub-7891478850122465/6565020438,ca-app-pub-7891478850122465~6704621236,ZA,20260817,iOS,4,0,0,0,4
ca-app-pub-7891478850122465/6721664164,ca-app-pub-7891478850122465~6704621236,ZA,20260817,iOS,3,0,0,0,3
ca-app-pub-7891478850122465/8171033829,ca-app-pub-7891478850122465~6704621236,ZA,20260817,iOS,1,0,0,0,1
ca-app-pub-7891478850122465/6565020438,ca-app-pub-7891478850122465~6704621236,ZM,20260817,iOS,4,0,7839,2,4
ca-app-pub-7891478850122465/6721664164,ca-app-pub-7891478850122465~6704621236,ZM,20260817,iOS,4,0,5303,4,4
ca-app-pub-7891478850122465/8171033829,ca-app-pub-7891478850122465~6704621236,ZM,20260817,iOS,5,1,3932,3,5
ca-app-pub-7891478850122465/6565020438,ca-app-pub-7891478850122465~6704621236,AE,20260818,iOS,16,0,0,0,16
ca-app-pub-7891478850122465/8171033829,ca-app-pub-7891478850122465~6704621236,AE,20260818,iOS,2,0,3835,1,2
ca-app-pub-7891478850122465/6565020438,ca-app-pub-7891478850122465~6704621236,CA,20260818,iOS,7,0,30176,3,7
ca-app-pub-7891478850122465/6721664164,ca-app-pub-7891478850122465~6704621236,CA,20260818,iOS,6,0,14930,3,6
ca-app-pub-7891478850122465/8171033829,ca-app-pub-7891478850122465~6704621236,CA,20260818,iOS,11,0,16607,10,11
ca-app-pub-7891478850122465/6565020438,ca-app-pub-7891478850122465~6704621236,CI,20260818,iOS,1,0,0,0,1
ca-app-pub-7891478850122465/6721664164,ca-app-pub-7891478850122465~6704621236,CI,20260818,iOS,1,0,0,0,1
ca-app-pub-7891478850122465/6565020438,ca-app-pub-7891478850122465~6704621236,CN,20260818,iOS,10,0,0,0,10
ca-app-pub-7891478850122465/6721664164,ca-app-pub-7891478850122465~6704621236,CN,20260818,iOS,12,0,11655,7,12
ca-app-pub-7891478850122465/8171033829,ca-app-pub-7891478850122465~6704621236,CN,20260818,iOS,8,0,3215,6,8
ca-app-pub-7891478850122465/6565020438,ca-app-pub-7891478850122465~6704621236,CO,20260818,iOS,1,0,0,0,1
ca-app-pub-7891478850122465/6721664164,ca-app-pub-7891478850122465~6704621236,CO,20260818,iOS,1,0,0,0,1
ca-app-pub-7891478850122465/8171033829,ca-app-pub-7891478850122465~6704621236,CO,20260818,iOS,2,0,0,0,2
ca-app-pub-7891478850122465/1859860932,ca-app-pub-7891478850122465~6704621236,DO,20260818,iOS,1,0,0,0,1
ca-app-pub-7891478850122465/6565020438,ca-app-pub-7891478850122465~6704621236,DO,20260818,iOS,3,0,0,0,3
ca-app-pub-7891478850122465/6721664164,ca-app-pub-7891478850122465~6704621236,DO,20260818,iOS,3,0,3661,1,3
ca-app-pub-7891478850122465/8171033829,ca-app-pub-7891478850122465~6704621236,DO,20260818,iOS,2,0,2152,2,2
ca-app-pub-7891478850122465/6565020438,ca-app-pub-7891478850122465~6704621236,ES,20260818,iOS,45,0,0,0,45
ca-app-pub-7891478850122465/6721664164,ca-app-pub-7891478850122465~6704621236,ES,20260818,iOS,19,0,0,0,19
ca-app-pub-7891478850122465/8171033829,ca-app-pub-7891478850122465~6704621236,ES,20260818,iOS,15,0,0,0,15
ca-app-pub-7891478850122465/6565020438,ca-app-pub-7891478850122465~6704621236,FR,20260818,iOS,8,0,0,0,8
ca-app-pub-7891478850122465/6721664164,ca-app-pub-7891478850122465~6704621236,FR,20260818,iOS,4,0,0,0,4
ca-app-pub-7891478850122465/8171033829,ca-app-pub-7891478850122465~6704621236,FR,20260818,iOS,2,0,0,0,2
ca-app-pub-7891478850122465/6565020438,ca-app-pub-7891478850122465~6704621236,GB,20260818,iOS,10,0,0,0,10
ca-app-pub-7891478850122465/6721664164,ca-app-pub-7891478850122465~6704621236,GB,20260818,iOS,5,0,0,0,5
ca-app-pub-7891478850122465/8171033829,ca-app-pub-7891478850122465~6704621236,GB,20260818,iOS,5,0,0,0,5
ca-app-pub-7891478850122465/6565020438,ca-app-pub-7891478850122465~6704621236,GH,20260818,iOS,1,0,0,0,1
ca-app-pub-7891478850122465/6721664164,ca-app-pub-7891478850122465~6704621236,GH,20260818,iOS,1,0,0,0,1
ca-app-pub-7891478850122465/6565020438,ca-app-pub-7891478850122465~6704621236,HK,20260818,iOS,8,0,0,0,8
ca-app-pub-7891478850122465/6721664164,ca-app-pub-7891478850122465~6704621236,HK,20260818,iOS,7,0,2303,5,7
ca-app-pub-7891478850122465/8171033829,ca-app-pub-7891478850122465~6704621236,HK,20260818,iOS,3,0,410,2,3
ca-app-pub-7891478850122465/6565020438,ca-app-pub-7891478850122465~6704621236,IQ,20260818,iOS,4,0,1840,1,4
ca-app-pub-7891478850122465/6721664164,ca-app-pub-7891478850122465~6704621236,IQ,20260818,iOS,2,0,456,1,2
ca-app-pub-7891478850122465/8171033829,ca-app-pub-7891478850122465~6704621236,IQ,20260818,iOS,2,0,305,2,2
ca-app-pub-7891478850122465/6565020438,ca-app-pub-7891478850122465~6704621236,JM,20260818,iOS,1,0,0,0,1
ca-app-pub-7891478850122465/6721664164,ca-app-pub-7891478850122465~6704621236,JM,20260818,iOS,1,0,0,0,1
ca-app-pub-7891478850122465/6565020438,ca-app-pub-7891478850122465~6704621236,JP,20260818,iOS,6,1,25680,2,6
ca-app-pub-7891478850122465/6721664164,ca-app-pub-7891478850122465~6704621236,JP,20260818,iOS,5,0,11016,2,5
ca-app-pub-7891478850122465/8171033829,ca-app-pub-7891478850122465~6704621236,JP,20260818,iOS,4,0,6287,4,4
ca-app-pub-7891478850122465/6565020438,ca-app-pub-7891478850122465~6704621236,LY,20260818,iOS,2,0,832,1,2
ca-app-pub-7891478850122465/6721664164,ca-app-pub-7891478850122465~6704621236,LY,20260818,iOS,4,0,840,3,4
ca-app-pub-7891478850122465/8171033829,ca-app-pub-7891478850122465~6704621236,LY,20260818,iOS,3,0,1303,3,3
ca-app-pub-7891478850122465/6565020438,ca-app-pub-7891478850122465~6704621236,MA,20260818,iOS,4,0,787,1,4
ca-app-pub-7891478850122465/6721664164,ca-app-pub-7891478850122465~6704621236,MA,20260818,iOS,1,0,0,0,1
ca-app-pub-7891478850122465/8171033829,ca-app-pub-7891478850122465~6704621236,MA,20260818,iOS,4,0,816,4,4
ca-app-pub-7891478850122465/6565020438,ca-app-pub-7891478850122465~6704621236,MX,20260818,iOS,3,0,0,0,3
ca-app-pub-7891478850122465/6721664164,ca-app-pub-7891478850122465~6704621236,MX,20260818,iOS,3,0,0,0,3
ca-app-pub-7891478850122465/6565020438,ca-app-pub-7891478850122465~6704621236,NA,20260818,iOS,2,0,0,0,2
ca-app-pub-7891478850122465/6721664164,ca-app-pub-7891478850122465~6704621236,NA,20260818,iOS,1,0,266,1,1
ca-app-pub-7891478850122465/8171033829,ca-app-pub-7891478850122465~6704621236,NA,20260818,iOS,1,0,231,1,1
ca-app-pub-7891478850122465/6565020438,ca-app-pub-7891478850122465~6704621236,NL,20260818,iOS,12,0,51755,10,12
ca-app-pub-7891478850122465/6721664164,ca-app-pub-7891478850122465~6704621236,NL,20260818,iOS,2,0,5839,1,2
ca-app-pub-7891478850122465/8171033829,ca-app-pub-7891478850122465~6704621236,NL,20260818,iOS,22,0,9739,22,22
ca-app-pub-7891478850122465/6565020438,ca-app-pub-7891478850122465~6704621236,OM,20260818,iOS,1,0,0,0,1
ca-app-pub-7891478850122465/6721664164,ca-app-pub-7891478850122465~6704621236,OM,20260818,iOS,1,0,0,0,1
ca-app-pub-7891478850122465/8171033829,ca-app-pub-7891478850122465~6704621236,OM,20260818,iOS,1,0,0,0,1
ca-app-pub-7891478850122465/6565020438,ca-app-pub-7891478850122465~6704621236,PH,20260818,iOS,1,0,0,0,1
ca-app-pub-7891478850122465/6721664164,ca-app-pub-7891478850122465~6704621236,PH,20260818,iOS,1,0,0,0,1
ca-app-pub-7891478850122465/6565020438,ca-app-pub-7891478850122465~6704621236,PL,20260818,iOS,6,0,0,0,6
ca-app-pub-7891478850122465/6721664164,ca-app-pub-7891478850122465~6704621236,PL,20260818,iOS,3,0,0,0,3
ca-app-pub-7891478850122465/6565020438,ca-app-pub-7891478850122465~6704621236,SA,20260818,iOS,2,0,0,0,2
ca-app-pub-7891478850122465/6721664164,ca-app-pub-7891478850122465~6704621236,SA,20260818,iOS,2,0,0,0,2
ca-app-pub-7891478850122465/6565020438,ca-app-pub-7891478850122465~6704621236,SG,20260818,iOS,2,0,0,0,2
ca-app-pub-7891478850122465/6721664164,ca-app-pub-7891478850122465~6704621236,SG,20260818,iOS,2,0,5384,1,2
ca-app-pub-7891478850122465/8171033829,ca-app-pub-7891478850122465~6704621236,SG,20260818,iOS,3,0,11031,3,3
ca-app-pub-7891478850122465/6565020438,ca-app-pub-7891478850122465~6704621236,SK,20260818,iOS,1,0,0,0,1
ca-app-pub-7891478850122465/6721664164,ca-app-pub-7891478850122465~6704621236,SK,20260818,iOS,1,0,0,0,1
ca-app-pub-7891478850122465/6565020438,ca-app-pub-7891478850122465~6704621236,SL,20260818,iOS,1,0,0,0,1
ca-app-pub-7891478850122465/6721664164,ca-app-pub-7891478850122465~6704621236,SL,20260818,iOS,1,0,0,0,1
ca-app-pub-7891478850122465/6565020438,ca-app-pub-7891478850122465~6704621236,SN,20260818,iOS,1,0,0,0,1
ca-app-pub-7891478850122465/6721664164,ca-app-pub-7891478850122465~6704621236,SN,20260818,iOS,1,0,0,0,1
ca-app-pub-7891478850122465/6565020438,ca-app-pub-7891478850122465~6704621236,TR,20260818,iOS,11,0,0,0,11
ca-app-pub-7891478850122465/6721664164,ca-app-pub-7891478850122465~6704621236,TR,20260818,iOS,14,0,590,7,14
ca-app-pub-7891478850122465/8171033829,ca-app-pub-7891478850122465~6704621236,TR,20260818,iOS,12,0,424,10,12
ca-app-pub-7891478850122465/1859860932,ca-app-pub-7891478850122465~6704621236,US,20260818,iOS,3,0,38152,1,3
ca-app-pub-7891478850122465/6565020438,ca-app-pub-7891478850122465~6704621236,US,20260818,iOS,69,0,42296,2,69
ca-app-pub-7891478850122465/6721664164,ca-app-pub-7891478850122465~6704621236,US,20260818,iOS,57,3,368769,18,57
ca-app-pub-7891478850122465/8171033829,ca-app-pub-7891478850122465~6704621236,US,20260818,iOS,20,0,61862,16,20
ca-app-pub-7891478850122465/6565020438,ca-app-pub-7891478850122465~6704621236,VE,20260818,iOS,1,0,0,0,1
ca-app-pub-7891478850122465/6565020438,ca-app-pub-7891478850122465~6704621236,ZA,20260818,iOS,5,0,0,0,5
ca-app-pub-7891478850122465/6721664164,ca-app-pub-7891478850122465~6704621236,ZA,20260818,iOS,4,0,12719,2,4
ca-app-pub-7891478850122465/8171033829,ca-app-pub-7891478850122465~6704621236,ZA,20260818,iOS,2,0,4239,1,2
ca-app-pub-7891478850122465/6565020438,ca-app-pub-7891478850122465~6704621236,ZW,20260818,iOS,15,0,0,0,15
ca-app-pub-7891478850122465/8171033829,ca-app-pub-7891478850122465~6704621236,ZW,20260818,iOS,3,0,1574,3,3
ca-app-pub-7891478850122465/6565020438,ca-app-pub-7891478850122465~6704621236,BR,20260819,iOS,4,0,0,0,4
ca-app-pub-7891478850122465/6721664164,ca-app-pub-7891478850122465~6704621236,BR,20260819,iOS,4,0,3194,1,4
ca-app-pub-7891478850122465/8171033829,ca-app-pub-7891478850122465~6704621236,BR,20260819,iOS,2,0,1000,2,2
ca-app-pub-7891478850122465/1859860932,ca-app-pub-7891478850122465~6704621236,CA,20260819,iOS,1,0,0,0,1
ca-app-pub-7891478850122465/6565020438,ca-app-pub-7891478850122465~6704621236,CA,20260819,iOS,4,0,0,0,4
ca-app-pub-7891478850122465/6721664164,ca-app-pub-7891478850122465~6704621236,CA,20260819,iOS,4,0,0,0,4
ca-app-pub-7891478850122465/8171033829,ca-app-pub-7891478850122465~6704621236,CA,20260819,iOS,19,0,22462,16,19
ca-app-pub-7891478850122465/6565020438,ca-app-pub-7891478850122465~6704621236,CI,20260819,iOS,3,0,0,0,3
ca-app-pub-7891478850122465/6721664164,ca-app-pub-7891478850122465~6704621236,CI,20260819,iOS,3,0,1328,1,3
ca-app-pub-7891478850122465/8171033829,ca-app-pub-7891478850122465~6704621236,CI,20260819,iOS,3,0,1047,2,3
ca-app-pub-7891478850122465/6565020438,ca-app-pub-7891478850122465~6704621236,CM,20260819,iOS,5,0,22289,3,5
ca-app-pub-7891478850122465/6721664164,ca-app-pub-7891478850122465~6704621236,CM,20260819,iOS,3,0,10515,2,3
ca-app-pub-7891478850122465/8171033829,ca-app-pub-7891478850122465~6704621236,CM,20260819,iOS,6,0,6455,6,6
ca-app-pub-7891478850122465/6565020438,ca-app-pub-7891478850122465~6704621236,CN,20260819,iOS,9,0,0,0,9
ca-app-pub-7891478850122465/6721664164,ca-app-pub-7891478850122465~6704621236,CN,20260819,iOS,6,0,4120,2,6
ca-app-pub-7891478850122465/8171033829,ca-app-pub-7891478850122465~6704621236,CN,20260819,iOS,3,0,2742,2,3
ca-app-pub-7891478850122465/8171033829,ca-app-pub-7891478850122465~6704621236,CO,20260819,iOS,1,0,0,0,1
ca-app-pub-7891478850122465/6565020438,ca-app-pub-7891478850122465~6704621236,DE,20260819,iOS,2,0,0,0,2
ca-app-pub-7891478850122465/6721664164,ca-app-pub-7891478850122465~6704621236,DE,20260819,iOS,1,0,0,0,1
ca-app-pub-7891478850122465/6565020438,ca-app-pub-7891478850122465~6704621236,FR,20260819,iOS,4,0,0,0,4
ca-app-pub-7891478850122465/6721664164,ca-app-pub-7891478850122465~6704621236,FR,20260819,iOS,2,0,0,0,2
ca-app-pub-7891478850122465/6565020438,ca-app-pub-7891478850122465~6704621236,GB,20260819,iOS,3,0,0,0,3
ca-app-pub-7891478850122465/6721664164,ca-app-pub-7891478850122465~6704621236,GB,20260819,iOS,2,0,0,0,2
ca-app-pub-7891478850122465/8171033829,ca-app-pub-7891478850122465~6704621236,GB,20260819,iOS,1,0,0,0,1
ca-app-pub-7891478850122465/6565020438,ca-app-pub-7891478850122465~6704621236,GH,20260819,iOS,4,0,0,0,4
ca-app-pub-7891478850122465/6721664164,ca-app-pub-7891478850122465~6704621236,GH,20260819,iOS,3,0,1803,1,3
ca-app-pub-7891478850122465/8171033829,ca-app-pub-7891478850122465~6704621236,GH,20260819,iOS,2,0,1449,2,2
ca-app-pub-7891478850122465/6565020438,ca-app-pub-7891478850122465~6704621236,HK,20260819,iOS,5,0,9793,3,5
ca-app-pub-7891478850122465/6721664164,ca-app-pub-7891478850122465~6704621236,HK,20260819,iOS,17,0,6772,17,17
ca-app-pub-7891478850122465/8171033829,ca-app-pub-7891478850122465~6704621236,HK,20260819,iOS,10,0,2280,10,10
ca-app-pub-7891478850122465/6565020438,ca-app-pub-7891478850122465~6704621236,IE,20260819,iOS,12,0,0,0,12
ca-app-pub-7891478850122465/6721664164,ca-app-pub-7891478850122465~6704621236,IE,20260819,iOS,6,0,0,0,6
ca-app-pub-7891478850122465/6565020438,ca-app-pub-7891478850122465~6704621236,IQ,20260819,iOS,3,0,0,0,3
ca-app-pub-7891478850122465/6721664164,ca-app-pub-7891478850122465~6704621236,IQ,20260819,iOS,1,0,328,1,1
ca-app-pub-7891478850122465/8171033829,ca-app-pub-7891478850122465~6704621236,IQ,20260819,iOS,1,0,0,0,1
ca-app-pub-7891478850122465/1715908034,ca-app-pub-7891478850122465~6704621236,IT,20260819,iOS,1,0,0,0,1
ca-app-pub-7891478850122465/6565020438,ca-app-pub-7891478850122465~6704621236,IT,20260819,iOS,6,0,0,0,6
ca-app-pub-7891478850122465/6721664164,ca-app-pub-7891478850122465~6704621236,IT,20260819,iOS,3,0,0,0,3
ca-app-pub-7891478850122465/6565020438,ca-app-pub-7891478850122465~6704621236,JP,20260819,iOS,2,0,0,0,2
ca-app-pub-7891478850122465/6721664164,ca-app-pub-7891478850122465~6704621236,JP,20260819,iOS,2,0,0,0,2
ca-app-pub-7891478850122465/6565020438,ca-app-pub-7891478850122465~6704621236,LY,20260819,iOS,10,0,0,0,10
ca-app-pub-7891478850122465/6721664164,ca-app-pub-7891478850122465~6704621236,LY,20260819,iOS,4,0,158,1,4
ca-app-pub-7891478850122465/8171033829,ca-app-pub-7891478850122465~6704621236,LY,20260819,iOS,3,0,2207,2,3
ca-app-pub-7891478850122465/6565020438,ca-app-pub-7891478850122465~6704621236,MA,20260819,iOS,5,0,1468,1,5
ca-app-pub-7891478850122465/6721664164,ca-app-pub-7891478850122465~6704621236,MA,20260819,iOS,5,0,2178,3,5
ca-app-pub-7891478850122465/8171033829,ca-app-pub-7891478850122465~6704621236,MA,20260819,iOS,5,0,973,5,5
ca-app-pub-7891478850122465/6565020438,ca-app-pub-7891478850122465~6704621236,MX,20260819,iOS,5,0,2482,1,5
ca-app-pub-7891478850122465/6721664164,ca-app-pub-7891478850122465~6704621236,MX,20260819,iOS,4,0,3663,2,4
ca-app-pub-7891478850122465/8171033829,ca-app-pub-7891478850122465~6704621236,MX,20260819,iOS,6,0,8760,6,6
ca-app-pub-7891478850122465/6565020438,ca-app-pub-7891478850122465~6704621236,NG,20260819,iOS,3,0,0,0,3
ca-app-pub-7891478850122465/6721664164,ca-app-pub-7891478850122465~6704621236,NG,20260819,iOS,2,0,0,0,2
ca-app-pub-7891478850122465/8171033829,ca-app-pub-7891478850122465~6704621236,NG,20260819,iOS,1,0,0,0,1
ca-app-pub-7891478850122465/6565020438,ca-app-pub-7891478850122465~6704621236,NL,20260819,iOS,2,0,0,0,2
ca-app-pub-7891478850122465/6721664164,ca-app-pub-7891478850122465~6704621236,NL,20260819,iOS,1,0,0,0,1
ca-app-pub-7891478850122465/1715908034,ca-app-pub-7891478850122465~6704621236,PA,20260819,iOS,1,0,0,0,1
ca-app-pub-7891478850122465/6565020438,ca-app-pub-7891478850122465~6704621236,PH,20260819,iOS,3,0,2688,1,3
ca-app-pub-7891478850122465/6721664164,ca-app-pub-7891478850122465~6704621236,PH,20260819,iOS,2,1,1007,1,2
ca-app-pub-7891478850122465/8171033829,ca-app-pub-7891478850122465~6704621236,PH,20260819,iOS,3,0,2339,3,3
ca-app-pub-7891478850122465/6565020438,ca-app-pub-7891478850122465~6704621236,PL,20260819,iOS,10,0,0,0,10
ca-app-pub-7891478850122465/6721664164,ca-app-pub-7891478850122465~6704621236,PL,20260819,iOS,5,0,0,0,5
ca-app-pub-7891478850122465/8171033829,ca-app-pub-7891478850122465~6704621236,PL,20260819,iOS,1,0,0,0,1
ca-app-pub-7891478850122465/6565020438,ca-app-pub-7891478850122465~6704621236,SA,20260819,iOS,2,0,0,0,2
ca-app-pub-7891478850122465/6721664164,ca-app-pub-7891478850122465~6704621236,SA,20260819,iOS,1,0,0,0,1
ca-app-pub-7891478850122465/6565020438,ca-app-pub-7891478850122465~6704621236,SK,20260819,iOS,1,0,0,0,1
ca-app-pub-7891478850122465/6721664164,ca-app-pub-7891478850122465~6704621236,SK,20260819,iOS,1,0,0,0,1
ca-app-pub-7891478850122465/6565020438,ca-app-pub-7891478850122465~6704621236,SN,20260819,iOS,1,0,0,0,1
ca-app-pub-7891478850122465/6721664164,ca-app-pub-7891478850122465~6704621236,SN,20260819,iOS,1,0,0,0,1
ca-app-pub-7891478850122465/6565020438,ca-app-pub-7891478850122465~6704621236,TR,20260819,iOS,5,0,0,0,5
ca-app-pub-7891478850122465/6721664164,ca-app-pub-7891478850122465~6704621236,TR,20260819,iOS,10,0,1227,6,10
ca-app-pub-7891478850122465/8171033829,ca-app-pub-7891478850122465~6704621236,TR,20260819,iOS,5,0,374,4,5
ca-app-pub-7891478850122465/6565020438,ca-app-pub-7891478850122465~6704621236,TW,20260819,iOS,1,0,0,0,1
ca-app-pub-7891478850122465/6721664164,ca-app-pub-7891478850122465~6704621236,TW,20260819,iOS,1,0,0,0,1
ca-app-pub-7891478850122465/6565020438,ca-app-pub-7891478850122465~6704621236,UG,20260819,iOS,2,0,0,0,2
ca-app-pub-7891478850122465/6721664164,ca-app-pub-7891478850122465~6704621236,UG,20260819,iOS,1,0,0,0,1
ca-app-pub-7891478850122465/1715908034,ca-app-pub-7891478850122465~6704621236,US,20260819,iOS,2,0,0,0,2
ca-app-pub-7891478850122465/1859860932,ca-app-pub-7891478850122465~6704621236,US,20260819,iOS,1,0,0,0,1
ca-app-pub-7891478850122465/6565020438,ca-app-pub-7891478850122465~6704621236,US,20260819,iOS,65,0,144902,2,65
ca-app-pub-7891478850122465/6721664164,ca-app-pub-7891478850122465~6704621236,US,20260819,iOS,55,4,325964,11,55
ca-app-pub-7891478850122465/8171033829,ca-app-pub-7891478850122465~6704621236,US,20260819,iOS,15,1,116998,14,15
ca-app-pub-7891478850122465/6565020438,ca-app-pub-7891478850122465~6704621236,VE,20260819,iOS,1,0,0,0,1
ca-app-pub-7891478850122465/6721664164,ca-app-pub-7891478850122465~6704621236,VE,20260819,iOS,1,0,0,0,1
ca-app-pub-7891478850122465/6565020438,ca-app-pub-7891478850122465~6704621236,ZA,20260819,iOS,2,0,0,0,2
ca-app-pub-7891478850122465/6721664164,ca-app-pub-7891478850122465~6704621236,ZA,20260819,iOS,2,0,0,0,2
ca-app-pub-7891478850122465/6565020438,ca-app-pub-7891478850122465~6704621236,AE,20260820,iOS,1,0,0,0,1
ca-app-pub-7891478850122465/6721664164,ca-app-pub-7891478850122465~6704621236,AE,20260820,iOS,1,0,0,0,1
ca-app-pub-7891478850122465/6565020438,ca-app-pub-7891478850122465~6704621236,AU,20260820,iOS,13,2,493496,7,13
ca-app-pub-7891478850122465/6721664164,ca-app-pub-7891478850122465~6704621236,AU,20260820,iOS,5,1,81391,3,5
ca-app-pub-7891478850122465/8171033829,ca-app-pub-7891478850122465~6704621236,AU,20260820,iOS,13,1,162612,12,13
ca-app-pub-7891478850122465/6565020438,ca-app-pub-7891478850122465~6704621236,BR,20260820,iOS,10,0,19200,1,10
ca-app-pub-7891478850122465/6721664164,ca-app-pub-7891478850122465~6704621236,BR,20260820,iOS,9,0,13383,5,9
ca-app-pub-7891478850122465/8171033829,ca-app-pub-7891478850122465~6704621236,BR,20260820,iOS,5,0,2135,4,5
ca-app-pub-7891478850122465/6565020438,ca-app-pub-7891478850122465~6704621236,CA,20260820,iOS,3,0,0,0,3
ca-app-pub-7891478850122465/6721664164,ca-app-pub-7891478850122465~6704621236,CA,20260820,iOS,4,0,2894,2,4
ca-app-pub-7891478850122465/8171033829,ca-app-pub-7891478850122465~6704621236,CA,20260820,iOS,1,0,884,1,1
ca-app-pub-7891478850122465/6565020438,ca-app-pub-7891478850122465~6704621236,CN,20260820,iOS,25,0,14751,1,25
ca-app-pub-7891478850122465/6721664164,ca-app-pub-7891478850122465~6704621236,CN,20260820,iOS,21,2,23584,11,21
ca-app-pub-7891478850122465/8171033829,ca-app-pub-7891478850122465~6704621236,CN,20260820,iOS,12,0,14220,8,12
ca-app-pub-7891478850122465/6565020438,ca-app-pub-7891478850122465~6704621236,CO,20260820,iOS,1,0,0,0,1
ca-app-pub-7891478850122465/6721664164,ca-app-pub-7891478850122465~6704621236,CO,20260820,iOS,1,0,0,0,1
ca-app-pub-7891478850122465/8171033829,ca-app-pub-7891478850122465~6704621236,CO,20260820,iOS,5,0,0,0,5
ca-app-pub-7891478850122465/6565020438,ca-app-pub-7891478850122465~6704621236,EE,20260820,iOS,10,0,0,0,10
ca-app-pub-7891478850122465/6721664164,ca-app-pub-7891478850122465~6704621236,EE,20260820,iOS,5,0,0,0,5
ca-app-pub-7891478850122465/6565020438,ca-app-pub-7891478850122465~6704621236,FR,20260820,iOS,10,0,0,0,10
ca-app-pub-7891478850122465/6721664164,ca-app-pub-7891478850122465~6704621236,FR,20260820,iOS,5,0,0,0,5
ca-app-pub-7891478850122465/8171033829,ca-app-pub-7891478850122465~6704621236,FR,20260820,iOS,5,0,0,0,5
ca-app-pub-7891478850122465/6565020438,ca-app-pub-7891478850122465~6704621236,GB,20260820,iOS,17,0,0,0,17
ca-app-pub-7891478850122465/6721664164,ca-app-pub-7891478850122465~6704621236,GB,20260820,iOS,8,0,0,0,8
ca-app-pub-7891478850122465/6565020438,ca-app-pub-7891478850122465~6704621236,GF,20260820,iOS,38,0,0,0,38
ca-app-pub-7891478850122465/6721664164,ca-app-pub-7891478850122465~6704621236,GF,20260820,iOS,21,0,0,0,21
ca-app-pub-7891478850122465/8171033829,ca-app-pub-7891478850122465~6704621236,GF,20260820,iOS,2,0,0,0,2
ca-app-pub-7891478850122465/6565020438,ca-app-pub-7891478850122465~6704621236,GL,20260820,iOS,4,0,12367,2,4
ca-app-pub-7891478850122465/6721664164,ca-app-pub-7891478850122465~6704621236,GL,20260820,iOS,2,0,3999,1,2
ca-app-pub-7891478850122465/8171033829,ca-app-pub-7891478850122465~6704621236,GL,20260820,iOS,4,1,16032,4,4
ca-app-pub-7891478850122465/6565020438,ca-app-pub-7891478850122465~6704621236,HK,20260820,iOS,7,0,19991,3,7
ca-app-pub-7891478850122465/6721664164,ca-app-pub-7891478850122465~6704621236,HK,20260820,iOS,4,0,1400,1,4
ca-app-pub-7891478850122465/8171033829,ca-app-pub-7891478850122465~6704621236,HK,20260820,iOS,3,1,5960,3,3
ca-app-pub-7891478850122465/6565020438,ca-app-pub-7891478850122465~6704621236,IQ,20260820,iOS,9,0,2707,3,9
ca-app-pub-7891478850122465/6721664164,ca-app-pub-7891478850122465~6704621236,IQ,20260820,iOS,4,0,1656,2,4
ca-app-pub-7891478850122465/8171033829,ca-app-pub-7891478850122465~6704621236,IQ,20260820,iOS,4,0,1847,4,4
ca-app-pub-7891478850122465/6565020438,ca-app-pub-7891478850122465~6704621236,IT,20260820,iOS,2,0,0,0,2
ca-app-pub-7891478850122465/6721664164,ca-app-pub-7891478850122465~6704621236,IT,20260820,iOS,1,0,0,0,1
ca-app-pub-7891478850122465/6565020438,ca-app-pub-7891478850122465~6704621236,JM,20260820,iOS,1,0,0,0,1
ca-app-pub-7891478850122465/6721664164,ca-app-pub-7891478850122465~6704621236,JM,20260820,iOS,1,0,0,0,1
ca-app-pub-7891478850122465/6565020438,ca-app-pub-7891478850122465~6704621236,JO,20260820,iOS,2,0,0,0,2
ca-app-pub-7891478850122465/6721664164,ca-app-pub-7891478850122465~6704621236,JO,20260820,iOS,2,0,1451,1,2
ca-app-pub-7891478850122465/8171033829,ca-app-pub-7891478850122465~6704621236,JO,20260820,iOS,1,0,703,1,1
ca-app-pub-7891478850122465/6565020438,ca-app-pub-7891478850122465~6704621236,JP,20260820,iOS,4,0,0,0,4
ca-app-pub-7891478850122465/6721664164,ca-app-pub-7891478850122465~6704621236,JP,20260820,iOS,4,0,2875,3,4
ca-app-pub-7891478850122465/6565020438,ca-app-pub-7891478850122465~6704621236,KW,20260820,iOS,7,1,105296,3,7
ca-app-pub-7891478850122465/6721664164,ca-app-pub-7891478850122465~6704621236,KW,20260820,iOS,5,0,36054,4,5
ca-app-pub-7891478850122465/8171033829,ca-app-pub-7891478850122465~6704621236,KW,20260820,iOS,7,0,15867,6,7
ca-app-pub-7891478850122465/6565020438,ca-app-pub-7891478850122465~6704621236,MX,20260820,iOS,3,0,6486,1,3
ca-app-pub-7891478850122465/6721664164,ca-app-pub-7891478850122465~6704621236,MX,20260820,iOS,3,0,1858,2,3
ca-app-pub-7891478850122465/8171033829,ca-app-pub-7891478850122465~6704621236,MX,20260820,iOS,3,1,4048,3,3
ca-app-pub-7891478850122465/6565020438,ca-app-pub-7891478850122465~6704621236,NE,20260820,iOS,4,0,868,1,4
ca-app-pub-7891478850122465/6721664164,ca-app-pub-7891478850122465~6704621236,NE,20260820,iOS,2,0,1336,1,2
ca-app-pub-7891478850122465/8171033829,ca-app-pub-7891478850122465~6704621236,NE,20260820,iOS,6,1,4984,6,6
ca-app-pub-7891478850122465/6565020438,ca-app-pub-7891478850122465~6704621236,NG,20260820,iOS,1,0,0,0,1
ca-app-pub-7891478850122465/6721664164,ca-app-pub-7891478850122465~6704621236,NG,20260820,iOS,1,0,0,0,1
ca-app-pub-7891478850122465/6565020438,ca-app-pub-7891478850122465~6704621236,PH,20260820,iOS,3,0,0,0,3
ca-app-pub-7891478850122465/6721664164,ca-app-pub-7891478850122465~6704621236,PH,20260820,iOS,2,0,0,0,2
ca-app-pub-7891478850122465/6565020438,ca-app-pub-7891478850122465~6704621236,SA,20260820,iOS,1,0,0,0,1
ca-app-pub-7891478850122465/6721664164,ca-app-pub-7891478850122465~6704621236,SA,20260820,iOS,1,0,0,0,1
ca-app-pub-7891478850122465/6565020438,ca-app-pub-7891478850122465~6704621236,SN,20260820,iOS,1,0,0,0,1
ca-app-pub-7891478850122465/6721664164,ca-app-pub-7891478850122465~6704621236,SN,20260820,iOS,1,0,0,0,1
ca-app-pub-7891478850122465/6565020438,ca-app-pub-7891478850122465~6704621236,SO,20260820,iOS,6,3,12220,4,6
ca-app-pub-7891478850122465/6721664164,ca-app-pub-7891478850122465~6704621236,SO,20260820,iOS,3,0,2670,2,3
ca-app-pub-7891478850122465/8171033829,ca-app-pub-7891478850122465~6704621236,SO,20260820,iOS,5,0,5489,5,5
ca-app-pub-7891478850122465/6565020438,ca-app-pub-7891478850122465~6704621236,TH,20260820,iOS,1,0,0,0,1
ca-app-pub-7891478850122465/6721664164,ca-app-pub-7891478850122465~6704621236,TH,20260820,iOS,1,0,0,0,1
ca-app-pub-7891478850122465/6565020438,ca-app-pub-7891478850122465~6704621236,TR,20260820,iOS,6,0,0,0,6
ca-app-pub-7891478850122465/6721664164,ca-app-pub-7891478850122465~6704621236,TR,20260820,iOS,8,1,468,5,8
ca-app-pub-7891478850122465/8171033829,ca-app-pub-7891478850122465~6704621236,TR,20260820,iOS,7,0,152,3,7
ca-app-pub-7891478850122465/6565020438,ca-app-pub-7891478850122465~6704621236,TZ,20260820,iOS,2,0,0,0,2
ca-app-pub-7891478850122465/6721664164,ca-app-pub-7891478850122465~6704621236,TZ,20260820,iOS,5,0,1996,4,5
ca-app-pub-7891478850122465/8171033829,ca-app-pub-7891478850122465~6704621236,TZ,20260820,iOS,2,0,1263,2,2
ca-app-pub-7891478850122465/1859860932,ca-app-pub-7891478850122465~6704621236,US,20260820,iOS,3,0,0,0,3
ca-app-pub-7891478850122465/6565020438,ca-app-pub-7891478850122465~6704621236,US,20260820,iOS,81,2,357618,5,81
ca-app-pub-7891478850122465/6721664164,ca-app-pub-7891478850122465~6704621236,US,20260820,iOS,63,3,477861,22,63
ca-app-pub-7891478850122465/8171033829,ca-app-pub-7891478850122465~6704621236,US,20260820,iOS,40,1,242979,33,40
ca-app-pub-7891478850122465/6565020438,ca-app-pub-7891478850122465~6704621236,ZA,20260820,iOS,5,0,0,0,5
ca-app-pub-7891478850122465/6721664164,ca-app-pub-7891478850122465~6704621236,ZA,20260820,iOS,4,0,1736,1,4
ca-app-pub-7891478850122465/8171033829,ca-app-pub-7891478850122465~6704621236,ZA,20260820,iOS,3,0,654,3,3
ca-app-pub-7891478850122465/6565020438,ca-app-pub-7891478850122465~6704621236,AE,20260821,iOS,10,0,0,0,10
ca-app-pub-7891478850122465/8171033829,ca-app-pub-7891478850122465~6704621236,AE,20260821,iOS,2,0,6273,2,2
ca-app-pub-7891478850122465/6565020438,ca-app-pub-7891478850122465~6704621236,AU,20260821,iOS,3,0,0,0,3
ca-app-pub-7891478850122465/6721664164,ca-app-pub-7891478850122465~6704621236,AU,20260821,iOS,3,0,14855,1,3
ca-app-pub-7891478850122465/8171033829,ca-app-pub-7891478850122465~6704621236,AU,20260821,iOS,2,0,5918,2,2
ca-app-pub-7891478850122465/1859860932,ca-app-pub-7891478850122465~6704621236,BF,20260821,iOS,1,0,0,0,1
ca-app-pub-7891478850122465/6565020438,ca-app-pub-7891478850122465~6704621236,BF,20260821,iOS,2,0,0,0,2
ca-app-pub-7891478850122465/6721664164,ca-app-pub-7891478850122465~6704621236,BF,20260821,iOS,2,0,5287,2,2
ca-app-pub-7891478850122465/8171033829,ca-app-pub-7891478850122465~6704621236,BF,20260821,iOS,2,0,8064,2,2
ca-app-pub-7891478850122465/6565020438,ca-app-pub-7891478850122465~6704621236,BG,20260821,iOS,1,0,0,0,1
ca-app-pub-7891478850122465/6721664164,ca-app-pub-7891478850122465~6704621236,BG,20260821,iOS,1,0,0,0,1
ca-app-pub-7891478850122465/6565020438,ca-app-pub-7891478850122465~6704621236,CA,20260821,iOS,13,0,61010,3,13
ca-app-pub-7891478850122465/6721664164,ca-app-pub-7891478850122465~6704621236,CA,20260821,iOS,9,0,48484,6,9
ca-app-pub-7891478850122465/8171033829,ca-app-pub-7891478850122465~6704621236,CA,20260821,iOS,5,0,17416,4,5
ca-app-pub-7891478850122465/6565020438,ca-app-pub-7891478850122465~6704621236,CG,20260821,iOS,2,0,0,0,2
ca-app-pub-7891478850122465/6721664164,ca-app-pub-7891478850122465~6704621236,CG,20260821,iOS,2,0,1441,2,2
ca-app-pub-7891478850122465/8171033829,ca-app-pub-7891478850122465~6704621236,CG,20260821,iOS,1,0,903,1,1
ca-app-pub-7891478850122465/6565020438,ca-app-pub-7891478850122465~6704621236,CI,20260821,iOS,1,0,0,0,1
ca-app-pub-7891478850122465/6721664164,ca-app-pub-7891478850122465~6704621236,CI,20260821,iOS,1,0,0,0,1
ca-app-pub-7891478850122465/6565020438,ca-app-pub-7891478850122465~6704621236,CN,20260821,iOS,25,0,0,0,25
ca-app-pub-7891478850122465/6721664164,ca-app-pub-7891478850122465~6704621236,CN,20260821,iOS,24,4,35052,17,24
ca-app-pub-7891478850122465/8171033829,ca-app-pub-7891478850122465~6704621236,CN,20260821,iOS,13,4,9857,9,13
ca-app-pub-7891478850122465/6565020438,ca-app-pub-7891478850122465~6704621236,CO,20260821,iOS,1,0,0,0,1
ca-app-pub-7891478850122465/6721664164,ca-app-pub-7891478850122465~6704621236,CO,20260821,iOS,1,0,0,0,1
ca-app-pub-7891478850122465/8171033829,ca-app-pub-7891478850122465~6704621236,CO,20260821,iOS,1,0,0,0,1
ca-app-pub-7891478850122465/6565020438,ca-app-pub-7891478850122465~6704621236,CV,20260821,iOS,3,0,3927,2,3
ca-app-pub-7891478850122465/6721664164,ca-app-pub-7891478850122465~6704621236,CV,20260821,iOS,3,0,1970,2,3
ca-app-pub-7891478850122465/8171033829,ca-app-pub-7891478850122465~6704621236,CV,20260821,iOS,3,0,959,3,3
ca-app-pub-7891478850122465/6565020438,ca-app-pub-7891478850122465~6704621236,DZ,20260821,iOS,5,2,3830,2,5
ca-app-pub-7891478850122465/6721664164,ca-app-pub-7891478850122465~6704621236,DZ,20260821,iOS,5,0,1425,4,5
ca-app-pub-7891478850122465/8171033829,ca-app-pub-7891478850122465~6704621236,DZ,20260821,iOS,3,0,639,3,3
ca-app-pub-7891478850122465/6565020438,ca-app-pub-7891478850122465~6704621236,FR,20260821,iOS,18,0,0,0,18
ca-app-pub-7891478850122465/6721664164,ca-app-pub-7891478850122465~6704621236,FR,20260821,iOS,9,0,0,0,9
ca-app-pub-7891478850122465/6565020438,ca-app-pub-7891478850122465~6704621236,GB,20260821,iOS,2,0,0,0,2
ca-app-pub-7891478850122465/6721664164,ca-app-pub-7891478850122465~6704621236,GB,20260821,iOS,1,0,0,0,1
ca-app-pub-7891478850122465/6565020438,ca-app-pub-7891478850122465~6704621236,GH,20260821,iOS,1,0,0,0,1
ca-app-pub-7891478850122465/6721664164,ca-app-pub-7891478850122465~6704621236,GH,20260821,iOS,1,0,0,0,1
ca-app-pub-7891478850122465/6565020438,ca-app-pub-7891478850122465~6704621236,HK,20260821,iOS,2,0,0,0,2
ca-app-pub-7891478850122465/6721664164,ca-app-pub-7891478850122465~6704621236,HK,20260821,iOS,2,0,655,1,2
ca-app-pub-7891478850122465/6565020438,ca-app-pub-7891478850122465~6704621236,IQ,20260821,iOS,9,1,5349,1,9
ca-app-pub-7891478850122465/6721664164,ca-app-pub-7891478850122465~6704621236,IQ,20260821,iOS,8,1,10043,5,8
ca-app-pub-7891478850122465/8171033829,ca-app-pub-7891478850122465~6704621236,IQ,20260821,iOS,10,0,5909,10,10
ca-app-pub-7891478850122465/6565020438,ca-app-pub-7891478850122465~6704621236,IR,20260821,iOS,3,0,0,0,3
ca-app-pub-7891478850122465/6721664164,ca-app-pub-7891478850122465~6704621236,IR,20260821,iOS,1,0,0,0,1
ca-app-pub-7891478850122465/8171033829,ca-app-pub-7891478850122465~6704621236,IR,20260821,iOS,1,0,0,0,1
ca-app-pub-7891478850122465/6721664164,ca-app-pub-7891478850122465~6704621236,IT,20260821,iOS,1,0,3703,1,1
ca-app-pub-7891478850122465/8171033829,ca-app-pub-7891478850122465~6704621236,IT,20260821,iOS,1,0,0,0,1
ca-app-pub-7891478850122465/6565020438,ca-app-pub-7891478850122465~6704621236,JM,20260821,iOS,1,0,0,0,1
ca-app-pub-7891478850122465/6721664164,ca-app-pub-7891478850122465~6704621236,JM,20260821,iOS,1,0,0,0,1
ca-app-pub-7891478850122465/6565020438,ca-app-pub-7891478850122465~6704621236,KN,20260821,iOS,2,0,0,0,2
ca-app-pub-7891478850122465/6721664164,ca-app-pub-7891478850122465~6704621236,KN,20260821,iOS,2,1,1663,1,2
ca-app-pub-7891478850122465/8171033829,ca-app-pub-7891478850122465~6704621236,KN,20260821,iOS,2,0,2039,2,2
ca-app-pub-7891478850122465/1859860932,ca-app-pub-7891478850122465~6704621236,KW,20260821,iOS,1,0,0,0,1
ca-app-pub-7891478850122465/6565020438,ca-app-pub-7891478850122465~6704621236,KW,20260821,iOS,4,0,39976,2,4
ca-app-pub-7891478850122465/6721664164,ca-app-pub-7891478850122465~6704621236,KW,20260821,iOS,3,0,5018,1,3
ca-app-pub-7891478850122465/8171033829,ca-app-pub-7891478850122465~6704621236,KW,20260821,iOS,4,1,10342,2,4
ca-app-pub-7891478850122465/6565020438,ca-app-pub-7891478850122465~6704621236,MU,20260821,iOS,2,0,0,0,2
ca-app-pub-7891478850122465/6721664164,ca-app-pub-7891478850122465~6704621236,MU,20260821,iOS,2,0,13105,1,2
ca-app-pub-7891478850122465/8171033829,ca-app-pub-7891478850122465~6704621236,MU,20260821,iOS,2,0,3128,2,2
ca-app-pub-7891478850122465/6565020438,ca-app-pub-7891478850122465~6704621236,MX,20260821,iOS,1,0,0,0,1
ca-app-pub-7891478850122465/6721664164,ca-app-pub-7891478850122465~6704621236,MX,20260821,iOS,1,0,0,0,1
ca-app-pub-7891478850122465/6565020438,ca-app-pub-7891478850122465~6704621236,NG,20260821,iOS,7,1,9305,2,7
ca-app-pub-7891478850122465/6721664164,ca-app-pub-7891478850122465~6704621236,NG,20260821,iOS,4,0,1113,1,4
ca-app-pub-7891478850122465/8171033829,ca-app-pub-7891478850122465~6704621236,NG,20260821,iOS,2,0,4239,2,2
ca-app-pub-7891478850122465/6565020438,ca-app-pub-7891478850122465~6704621236,OM,20260821,iOS,3,0,0,0,3
ca-app-pub-7891478850122465/6721664164,ca-app-pub-7891478850122465~6704621236,OM,20260821,iOS,1,0,607,1,1
ca-app-pub-7891478850122465/8171033829,ca-app-pub-7891478850122465~6704621236,OM,20260821,iOS,1,0,512,1,1
ca-app-pub-7891478850122465/1859860932,ca-app-pub-7891478850122465~6704621236,PR,20260821,iOS,1,0,0,0,1
ca-app-pub-7891478850122465/6565020438,ca-app-pub-7891478850122465~6704621236,PR,20260821,iOS,2,0,0,0,2
ca-app-pub-7891478850122465/6721664164,ca-app-pub-7891478850122465~6704621236,PR,20260821,iOS,1,0,7807,1,1
ca-app-pub-7891478850122465/8171033829,ca-app-pub-7891478850122465~6704621236,PR,20260821,iOS,2,0,6136,2,2
ca-app-pub-7891478850122465/6565020438,ca-app-pub-7891478850122465~6704621236,SA,20260821,iOS,5,0,46392,3,5
ca-app-pub-7891478850122465/6721664164,ca-app-pub-7891478850122465~6704621236,SA,20260821,iOS,4,0,3132,1,4
ca-app-pub-7891478850122465/8171033829,ca-app-pub-7891478850122465~6704621236,SA,20260821,iOS,3,0,5948,3,3
ca-app-pub-7891478850122465/6565020438,ca-app-pub-7891478850122465~6704621236,SK,20260821,iOS,1,0,0,0,1
ca-app-pub-7891478850122465/6721664164,ca-app-pub-7891478850122465~6704621236,SK,20260821,iOS,1,0,0,0,1
ca-app-pub-7891478850122465/6565020438,ca-app-pub-7891478850122465~6704621236,SV,20260821,iOS,4,0,0,0,4
ca-app-pub-7891478850122465/6721664164,ca-app-pub-7891478850122465~6704621236,SV,20260821,iOS,3,0,3999,1,3
ca-app-pub-7891478850122465/8171033829,ca-app-pub-7891478850122465~6704621236,SV,20260821,iOS,3,0,1744,3,3
ca-app-pub-7891478850122465/6565020438,ca-app-pub-7891478850122465~6704621236,TH,20260821,iOS,1,0,0,0,1
ca-app-pub-7891478850122465/6721664164,ca-app-pub-7891478850122465~6704621236,TH,20260821,iOS,1,0,0,0,1
ca-app-pub-7891478850122465/6565020438,ca-app-pub-7891478850122465~6704621236,TR,20260821,iOS,8,0,3856,1,8
ca-app-pub-7891478850122465/6721664164,ca-app-pub-7891478850122465~6704621236,TR,20260821,iOS,11,0,1378,6,11
ca-app-pub-7891478850122465/8171033829,ca-app-pub-7891478850122465~6704621236,TR,20260821,iOS,7,0,473,4,7
ca-app-pub-7891478850122465/6565020438,ca-app-pub-7891478850122465~6704621236,TW,20260821,iOS,1,0,0,0,1
ca-app-pub-7891478850122465/6721664164,ca-app-pub-7891478850122465~6704621236,TW,20260821,iOS,1,0,0,0,1
ca-app-pub-7891478850122465/6565020438,ca-app-pub-7891478850122465~6704621236,TZ,20260821,iOS,1,0,0,0,1
ca-app-pub-7891478850122465/6721664164,ca-app-pub-7891478850122465~6704621236,TZ,20260821,iOS,1,0,0,0,1
ca-app-pub-7891478850122465/1859860932,ca-app-pub-7891478850122465~6704621236,US,20260821,iOS,6,0,0,0,6
ca-app-pub-7891478850122465/6565020438,ca-app-pub-7891478850122465~6704621236,US,20260821,iOS,61,0,59384,1,61
ca-app-pub-7891478850122465/6721664164,ca-app-pub-7891478850122465~6704621236,US,20260821,iOS,54,5,497380,17,54
ca-app-pub-7891478850122465/8171033829,ca-app-pub-7891478850122465~6704621236,US,20260821,iOS,22,0,266445,16,22
ca-app-pub-7891478850122465/6565020438,ca-app-pub-7891478850122465~6704621236,ZA,20260821,iOS,5,0,0,0,5
ca-app-pub-7891478850122465/6721664164,ca-app-pub-7891478850122465~6704621236,ZA,20260821,iOS,4,0,1895,1,4
ca-app-pub-7891478850122465/8171033829,ca-app-pub-7891478850122465~6704621236,ZA,20260821,iOS,2,0,2699,2,2
ca-app-pub-7891478850122465/6565020438,ca-app-pub-7891478850122465~6704621236,AT,20260822,iOS,3,0,0,0,3
ca-app-pub-7891478850122465/6721664164,ca-app-pub-7891478850122465~6704621236,AT,20260822,iOS,2,0,0,0,2
ca-app-pub-7891478850122465/6565020438,ca-app-pub-7891478850122465~6704621236,AU,20260822,iOS,7,0,115209,1,7
ca-app-pub-7891478850122465/6721664164,ca-app-pub-7891478850122465~6704621236,AU,20260822,iOS,10,3,323573,6,10
ca-app-pub-7891478850122465/8171033829,ca-app-pub-7891478850122465~6704621236,AU,20260822,iOS,2,0,51480,1,2
ca-app-pub-7891478850122465/6565020438,ca-app-pub-7891478850122465~6704621236,BF,20260822,iOS,1,0,0,0,1
ca-app-pub-7891478850122465/6721664164,ca-app-pub-7891478850122465~6704621236,BF,20260822,iOS,1,0,0,0,1
ca-app-pub-7891478850122465/6565020438,ca-app-pub-7891478850122465~6704621236,BR,20260822,iOS,7,0,5055,1,7
ca-app-pub-7891478850122465/6721664164,ca-app-pub-7891478850122465~6704621236,BR,20260822,iOS,5,0,4152,2,5
ca-app-pub-7891478850122465/8171033829,ca-app-pub-7891478850122465~6704621236,BR,20260822,iOS,3,0,1803,3,3
ca-app-pub-7891478850122465/6565020438,ca-app-pub-7891478850122465~6704621236,BW,20260822,iOS,1,0,0,0,1
ca-app-pub-7891478850122465/6721664164,ca-app-pub-7891478850122465~6704621236,BW,20260822,iOS,1,0,0,0,1
ca-app-pub-7891478850122465/1859860932,ca-app-pub-7891478850122465~6704621236,CA,20260822,iOS,1,0,0,0,1
ca-app-pub-7891478850122465/6565020438,ca-app-pub-7891478850122465~6704621236,CA,20260822,iOS,7,0,12424,1,7
ca-app-pub-7891478850122465/6721664164,ca-app-pub-7891478850122465~6704621236,CA,20260822,iOS,5,0,34824,2,5
ca-app-pub-7891478850122465/8171033829,ca-app-pub-7891478850122465~6704621236,CA,20260822,iOS,5,0,16570,5,5
ca-app-pub-7891478850122465/6565020438,ca-app-pub-7891478850122465~6704621236,CD,20260822,iOS,1,0,0,0,1
ca-app-pub-7891478850122465/6721664164,ca-app-pub-7891478850122465~6704621236,CD,20260822,iOS,1,0,0,0,1
ca-app-pub-7891478850122465/6565020438,ca-app-pub-7891478850122465~6704621236,CG,20260822,iOS,1,0,0,0,1
ca-app-pub-7891478850122465/6721664164,ca-app-pub-7891478850122465~6704621236,CG,20260822,iOS,2,0,0,0,2
ca-app-pub-7891478850122465/6565020438,ca-app-pub-7891478850122465~6704621236,CN,20260822,iOS,4,0,0,0,4
ca-app-pub-7891478850122465/6721664164,ca-app-pub-7891478850122465~6704621236,CN,20260822,iOS,4,2,10795,3,4
ca-app-pub-7891478850122465/8171033829,ca-app-pub-7891478850122465~6704621236,CN,20260822,iOS,1,0,2460,1,1
ca-app-pub-7891478850122465/6565020438,ca-app-pub-7891478850122465~6704621236,CO,20260822,iOS,3,0,3999,1,3
ca-app-pub-7891478850122465/6721664164,ca-app-pub-7891478850122465~6704621236,CO,20260822,iOS,2,0,3781,1,2
ca-app-pub-7891478850122465/8171033829,ca-app-pub-7891478850122465~6704621236,CO,20260822,iOS,6,0,328,2,6
ca-app-pub-7891478850122465/6565020438,ca-app-pub-7891478850122465~6704621236,FR,20260822,iOS,46,0,0,0,46
ca-app-pub-7891478850122465/6721664164,ca-app-pub-7891478850122465~6704621236,FR,20260822,iOS,23,0,0,0,23
ca-app-pub-7891478850122465/8171033829,ca-app-pub-7891478850122465~6704621236,FR,20260822,iOS,8,0,0,0,8
ca-app-pub-7891478850122465/6565020438,ca-app-pub-7891478850122465~6704621236,GB,20260822,iOS,4,0,0,0,4
ca-app-pub-7891478850122465/6721664164,ca-app-pub-7891478850122465~6704621236,GB,20260822,iOS,2,0,0,0,2
ca-app-pub-7891478850122465/6565020438,ca-app-pub-7891478850122465~6704621236,GF,20260822,iOS,4,0,0,0,4
ca-app-pub-7891478850122465/6721664164,ca-app-pub-7891478850122465~6704621236,GF,20260822,iOS,1,0,0,0,1
ca-app-pub-7891478850122465/8171033829,ca-app-pub-7891478850122465~6704621236,GF,20260822,iOS,2,0,0,0,2
ca-app-pub-7891478850122465/1859860932,ca-app-pub-7891478850122465~6704621236,GH,20260822,iOS,1,0,0,0,1
ca-app-pub-7891478850122465/6565020438,ca-app-pub-7891478850122465~6704621236,GH,20260822,iOS,2,0,0,0,2
ca-app-pub-7891478850122465/6721664164,ca-app-pub-7891478850122465~6704621236,GH,20260822,iOS,1,0,0,0,1
ca-app-pub-7891478850122465/8171033829,ca-app-pub-7891478850122465~6704621236,GH,20260822,iOS,2,0,0,0,2
ca-app-pub-7891478850122465/6565020438,ca-app-pub-7891478850122465~6704621236,HK,20260822,iOS,2,0,0,0,2
ca-app-pub-7891478850122465/6721664164,ca-app-pub-7891478850122465~6704621236,HK,20260822,iOS,3,0,1677,2,3
ca-app-pub-7891478850122465/8171033829,ca-app-pub-7891478850122465~6704621236,HK,20260822,iOS,3,0,759,3,3
ca-app-pub-7891478850122465/6565020438,ca-app-pub-7891478850122465~6704621236,HN,20260822,iOS,1,0,0,0,1
ca-app-pub-7891478850122465/6721664164,ca-app-pub-7891478850122465~6704621236,HN,20260822,iOS,1,0,0,0,1
ca-app-pub-7891478850122465/6565020438,ca-app-pub-7891478850122465~6704621236,IQ,20260822,iOS,2,0,686,1,2
ca-app-pub-7891478850122465/6721664164,ca-app-pub-7891478850122465~6704621236,IQ,20260822,iOS,2,0,312,1,2
ca-app-pub-7891478850122465/8171033829,ca-app-pub-7891478850122465~6704621236,IQ,20260822,iOS,4,0,552,3,4
ca-app-pub-7891478850122465/6565020438,ca-app-pub-7891478850122465~6704621236,IR,20260822,iOS,2,0,0,0,2
ca-app-pub-7891478850122465/6721664164,ca-app-pub-7891478850122465~6704621236,IR,20260822,iOS,1,0,0,0,1
ca-app-pub-7891478850122465/6565020438,ca-app-pub-7891478850122465~6704621236,IT,20260822,iOS,6,0,0,0,6
ca-app-pub-7891478850122465/6721664164,ca-app-pub-7891478850122465~6704621236,IT,20260822,iOS,3,0,0,0,3
ca-app-pub-7891478850122465/8171033829,ca-app-pub-7891478850122465~6704621236,IT,20260822,iOS,2,0,0,0,2
ca-app-pub-7891478850122465/6565020438,ca-app-pub-7891478850122465~6704621236,MA,20260822,iOS,3,0,1037,1,3
ca-app-pub-7891478850122465/6721664164,ca-app-pub-7891478850122465~6704621236,MA,20260822,iOS,2,0,1149,1,2
ca-app-pub-7891478850122465/8171033829,ca-app-pub-7891478850122465~6704621236,MA,20260822,iOS,2,0,384,2,2
ca-app-pub-7891478850122465/6565020438,ca-app-pub-7891478850122465~6704621236,MX,20260822,iOS,4,0,3128,1,4
ca-app-pub-7891478850122465/6721664164,ca-app-pub-7891478850122465~6704621236,MX,20260822,iOS,2,0,1479,1,2
ca-app-pub-7891478850122465/8171033829,ca-app-pub-7891478850122465~6704621236,MX,20260822,iOS,3,0,821,2,3
ca-app-pub-7891478850122465/6565020438,ca-app-pub-7891478850122465~6704621236,NG,20260822,iOS,1,0,0,0,1
ca-app-pub-7891478850122465/6721664164,ca-app-pub-7891478850122465~6704621236,NG,20260822,iOS,1,0,0,0,1
ca-app-pub-7891478850122465/6565020438,ca-app-pub-7891478850122465~6704621236,PH,20260822,iOS,2,0,0,0,2
ca-app-pub-7891478850122465/6721664164,ca-app-pub-7891478850122465~6704621236,PH,20260822,iOS,1,1,599,1,1
ca-app-pub-7891478850122465/8171033829,ca-app-pub-7891478850122465~6704621236,PH,20260822,iOS,1,0,630,1,1
ca-app-pub-7891478850122465/6565020438,ca-app-pub-7891478850122465~6704621236,SA,20260822,iOS,2,0,0,0,2
ca-app-pub-7891478850122465/6721664164,ca-app-pub-7891478850122465~6704621236,SA,20260822,iOS,1,0,3989,1,1
ca-app-pub-7891478850122465/8171033829,ca-app-pub-7891478850122465~6704621236,SA,20260822,iOS,1,0,648,1,1
ca-app-pub-7891478850122465/6565020438,ca-app-pub-7891478850122465~6704621236,TH,20260822,iOS,3,0,4732,2,3
ca-app-pub-7891478850122465/6721664164,ca-app-pub-7891478850122465~6704621236,TH,20260822,iOS,2,0,762,1,2
ca-app-pub-7891478850122465/8171033829,ca-app-pub-7891478850122465~6704621236,TH,20260822,iOS,4,0,1880,3,4
ca-app-pub-7891478850122465/6565020438,ca-app-pub-7891478850122465~6704621236,TR,20260822,iOS,10,0,4080,1,10
ca-app-pub-7891478850122465/6721664164,ca-app-pub-7891478850122465~6704621236,TR,20260822,iOS,9,1,2883,2,9
ca-app-pub-7891478850122465/8171033829,ca-app-pub-7891478850122465~6704621236,TR,20260822,iOS,4,0,2578,4,4
ca-app-pub-7891478850122465/6565020438,ca-app-pub-7891478850122465~6704621236,TW,20260822,iOS,1,0,0,0,1
ca-app-pub-7891478850122465/6721664164,ca-app-pub-7891478850122465~6704621236,TW,20260822,iOS,1,0,0,0,1
ca-app-pub-7891478850122465/1859860932,ca-app-pub-7891478850122465~6704621236,US,20260822,iOS,2,0,0,0,2
ca-app-pub-7891478850122465/6565020438,ca-app-pub-7891478850122465~6704621236,US,20260822,iOS,54,0,43744,1,54
ca-app-pub-7891478850122465/6721664164,ca-app-pub-7891478850122465~6704621236,US,20260822,iOS,47,1,159829,7,47
ca-app-pub-7891478850122465/8171033829,ca-app-pub-7891478850122465~6704621236,US,20260822,iOS,12,0,302751,10,12
ca-app-pub-7891478850122465/6565020438,ca-app-pub-7891478850122465~6704621236,VE,20260822,iOS,1,0,0,0,1
ca-app-pub-7891478850122465/6721664164,ca-app-pub-7891478850122465~6704621236,VE,20260822,iOS,1,0,0,0,1
ca-app-pub-7891478850122465/6565020438,ca-app-pub-7891478850122465~6704621236,ZA,20260822,iOS,4,0,0,0,4
ca-app-pub-7891478850122465/6721664164,ca-app-pub-7891478850122465~6704621236,ZA,20260822,iOS,4,0,9305,2,4
ca-app-pub-7891478850122465/8171033829,ca-app-pub-7891478850122465~6704621236,ZA,20260822,iOS,2,0,2317,2,2
ca-app-pub-7891478850122465/6565020438,ca-app-pub-7891478850122465~6704621236,AT,20260823,iOS,14,0,0,0,14
ca-app-pub-7891478850122465/6721664164,ca-app-pub-7891478850122465~6704621236,AT,20260823,iOS,7,0,0,0,7
ca-app-pub-7891478850122465/8171033829,ca-app-pub-7891478850122465~6704621236,AT,20260823,iOS,2,0,0,0,2
ca-app-pub-7891478850122465/6565020438,ca-app-pub-7891478850122465~6704621236,AU,20260823,iOS,6,0,105284,2,6
ca-app-pub-7891478850122465/6721664164,ca-app-pub-7891478850122465~6704621236,AU,20260823,iOS,3,0,94907,2,3
ca-app-pub-7891478850122465/8171033829,ca-app-pub-7891478850122465~6704621236,AU,20260823,iOS,5,0,40560,4,5
ca-app-pub-7891478850122465/6565020438,ca-app-pub-7891478850122465~6704621236,BF,20260823,iOS,1,0,0,0,1
ca-app-pub-7891478850122465/6721664164,ca-app-pub-7891478850122465~6704621236,BF,20260823,iOS,1,0,0,0,1
ca-app-pub-7891478850122465/6565020438,ca-app-pub-7891478850122465~6704621236,BG,20260823,iOS,1,0,0,0,1
ca-app-pub-7891478850122465/6721664164,ca-app-pub-7891478850122465~6704621236,BG,20260823,iOS,1,0,0,0,1
ca-app-pub-7891478850122465/6565020438,ca-app-pub-7891478850122465~6704621236,BR,20260823,iOS,6,0,8984,3,6
ca-app-pub-7891478850122465/6721664164,ca-app-pub-7891478850122465~6704621236,BR,20260823,iOS,4,0,784,1,4
ca-app-pub-7891478850122465/8171033829,ca-app-pub-7891478850122465~6704621236,BR,20260823,iOS,4,0,2406,4,4
ca-app-pub-7891478850122465/1859860932,ca-app-pub-7891478850122465~6704621236,CA,20260823,iOS,1,0,0,0,1
ca-app-pub-7891478850122465/6565020438,ca-app-pub-7891478850122465~6704621236,CA,20260823,iOS,8,0,0,0,8
ca-app-pub-7891478850122465/6721664164,ca-app-pub-7891478850122465~6704621236,CA,20260823,iOS,8,0,25986,3,8
ca-app-pub-7891478850122465/8171033829,ca-app-pub-7891478850122465~6704621236,CA,20260823,iOS,5,0,10661,5,5
ca-app-pub-7891478850122465/6565020438,ca-app-pub-7891478850122465~6704621236,CN,20260823,iOS,11,0,0,0,11
ca-app-pub-7891478850122465/6721664164,ca-app-pub-7891478850122465~6704621236,CN,20260823,iOS,10,1,9071,5,10
ca-app-pub-7891478850122465/8171033829,ca-app-pub-7891478850122465~6704621236,CN,20260823,iOS,3,0,3214,2,3
ca-app-pub-7891478850122465/6565020438,ca-app-pub-7891478850122465~6704621236,CO,20260823,iOS,4,0,7896,1,4
ca-app-pub-7891478850122465/6721664164,ca-app-pub-7891478850122465~6704621236,CO,20260823,iOS,3,0,4200,1,3
ca-app-pub-7891478850122465/8171033829,ca-app-pub-7891478850122465~6704621236,CO,20260823,iOS,3,0,743,2,3
ca-app-pub-7891478850122465/6565020438,ca-app-pub-7891478850122465~6704621236,DE,20260823,iOS,1,0,0,0,1
ca-app-pub-7891478850122465/6721664164,ca-app-pub-7891478850122465~6704621236,DE,20260823,iOS,1,0,0,0,1
ca-app-pub-7891478850122465/6565020438,ca-app-pub-7891478850122465~6704621236,FR,20260823,iOS,19,0,0,0,19
ca-app-pub-7891478850122465/6721664164,ca-app-pub-7891478850122465~6704621236,FR,20260823,iOS,11,0,4592,2,11
ca-app-pub-7891478850122465/8171033829,ca-app-pub-7891478850122465~6704621236,FR,20260823,iOS,5,0,0,0,5
ca-app-pub-7891478850122465/1859860932,ca-app-pub-7891478850122465~6704621236,GB,20260823,iOS,1,0,0,0,1
ca-app-pub-7891478850122465/6565020438,ca-app-pub-7891478850122465~6704621236,GB,20260823,iOS,8,0,0,0,8
ca-app-pub-7891478850122465/6721664164,ca-app-pub-7891478850122465~6704621236,GB,20260823,iOS,4,0,0,0,4
ca-app-pub-7891478850122465/8171033829,ca-app-pub-7891478850122465~6704621236,GB,20260823,iOS,4,0,0,0,4
ca-app-pub-7891478850122465/6565020438,ca-app-pub-7891478850122465~6704621236,GH,20260823,iOS,1,0,0,0,1
ca-app-pub-7891478850122465/6721664164,ca-app-pub-7891478850122465~6704621236,GH,20260823,iOS,1,0,0,0,1
ca-app-pub-7891478850122465/6565020438,ca-app-pub-7891478850122465~6704621236,GT,20260823,iOS,3,0,2128,1,3
ca-app-pub-7891478850122465/6721664164,ca-app-pub-7891478850122465~6704621236,GT,20260823,iOS,3,1,4779,2,3
ca-app-pub-7891478850122465/8171033829,ca-app-pub-7891478850122465~6704621236,GT,20260823,iOS,3,3,7575,3,3
ca-app-pub-7891478850122465/6565020438,ca-app-pub-7891478850122465~6704621236,HK,20260823,iOS,2,0,0,0,2
ca-app-pub-7891478850122465/6721664164,ca-app-pub-7891478850122465~6704621236,HK,20260823,iOS,2,0,520,1,2
ca-app-pub-7891478850122465/8171033829,ca-app-pub-7891478850122465~6704621236,HK,20260823,iOS,1,0,163,1,1
ca-app-pub-7891478850122465/6565020438,ca-app-pub-7891478850122465~6704621236,HN,20260823,iOS,3,0,0,0,3
ca-app-pub-7891478850122465/6721664164,ca-app-pub-7891478850122465~6704621236,HN,20260823,iOS,3,0,2018,1,3
ca-app-pub-7891478850122465/8171033829,ca-app-pub-7891478850122465~6704621236,HN,20260823,iOS,1,0,592,1,1
ca-app-pub-7891478850122465/6565020438,ca-app-pub-7891478850122465~6704621236,IR,20260823,iOS,4,0,2310,2,4
ca-app-pub-7891478850122465/6721664164,ca-app-pub-7891478850122465~6704621236,IR,20260823,iOS,4,0,1199,3,4
ca-app-pub-7891478850122465/8171033829,ca-app-pub-7891478850122465~6704621236,IR,20260823,iOS,9,0,2360,6,9
ca-app-pub-7891478850122465/6565020438,ca-app-pub-7891478850122465~6704621236,IT,20260823,iOS,2,0,0,0,2
ca-app-pub-7891478850122465/6721664164,ca-app-pub-7891478850122465~6704621236,IT,20260823,iOS,2,0,0,0,2
ca-app-pub-7891478850122465/6565020438,ca-app-pub-7891478850122465~6704621236,JM,20260823,iOS,1,0,0,0,1
ca-app-pub-7891478850122465/6721664164,ca-app-pub-7891478850122465~6704621236,JM,20260823,iOS,1,0,0,0,1
ca-app-pub-7891478850122465/6565020438,ca-app-pub-7891478850122465~6704621236,JP,20260823,iOS,4,0,21560,1,4
ca-app-pub-7891478850122465/6721664164,ca-app-pub-7891478850122465~6704621236,JP,20260823,iOS,2,0,13148,2,2
ca-app-pub-7891478850122465/8171033829,ca-app-pub-7891478850122465~6704621236,JP,20260823,iOS,4,1,4473,4,4
ca-app-pub-7891478850122465/6565020438,ca-app-pub-7891478850122465~6704621236,NL,20260823,iOS,6,0,0,0,6
ca-app-pub-7891478850122465/6721664164,ca-app-pub-7891478850122465~6704621236,NL,20260823,iOS,3,0,0,0,3
ca-app-pub-7891478850122465/6565020438,ca-app-pub-7891478850122465~6704621236,OM,20260823,iOS,1,0,0,0,1
ca-app-pub-7891478850122465/6721664164,ca-app-pub-7891478850122465~6704621236,OM,20260823,iOS,1,0,0,0,1
ca-app-pub-7891478850122465/8171033829,ca-app-pub-7891478850122465~6704621236,OM,20260823,iOS,1,0,0,0,1
ca-app-pub-7891478850122465/6565020438,ca-app-pub-7891478850122465~6704621236,PH,20260823,iOS,4,0,0,0,4
ca-app-pub-7891478850122465/6721664164,ca-app-pub-7891478850122465~6704621236,PH,20260823,iOS,4,0,9880,1,4
ca-app-pub-7891478850122465/8171033829,ca-app-pub-7891478850122465~6704621236,PH,20260823,iOS,1,0,648,1,1
ca-app-pub-7891478850122465/6565020438,ca-app-pub-7891478850122465~6704621236,PT,20260823,iOS,2,0,0,0,2
ca-app-pub-7891478850122465/6721664164,ca-app-pub-7891478850122465~6704621236,PT,20260823,iOS,1,0,0,0,1
ca-app-pub-7891478850122465/6565020438,ca-app-pub-7891478850122465~6704621236,TG,20260823,iOS,2,0,0,0,2
ca-app-pub-7891478850122465/6721664164,ca-app-pub-7891478850122465~6704621236,TG,20260823,iOS,2,0,1111,1,2
ca-app-pub-7891478850122465/8171033829,ca-app-pub-7891478850122465~6704621236,TG,20260823,iOS,2,0,560,2,2
ca-app-pub-7891478850122465/6565020438,ca-app-pub-7891478850122465~6704621236,TH,20260823,iOS,7,1,60833,4,7
ca-app-pub-7891478850122465/6721664164,ca-app-pub-7891478850122465~6704621236,TH,20260823,iOS,2,0,0,0,2
ca-app-pub-7891478850122465/8171033829,ca-app-pub-7891478850122465~6704621236,TH,20260823,iOS,8,0,16322,8,8
ca-app-pub-7891478850122465/6565020438,ca-app-pub-7891478850122465~6704621236,TR,20260823,iOS,6,0,0,0,6
ca-app-pub-7891478850122465/6721664164,ca-app-pub-7891478850122465~6704621236,TR,20260823,iOS,6,0,87,1,6
ca-app-pub-7891478850122465/8171033829,ca-app-pub-7891478850122465~6704621236,TR,20260823,iOS,1,0,81,1,1
ca-app-pub-7891478850122465/1859860932,ca-app-pub-7891478850122465~6704621236,US,20260823,iOS,1,0,0,0,1
ca-app-pub-7891478850122465/6565020438,ca-app-pub-7891478850122465~6704621236,US,20260823,iOS,52,0,60180,1,52
ca-app-pub-7891478850122465/6721664164,ca-app-pub-7891478850122465~6704621236,US,20260823,iOS,45,2,189473,7,45
ca-app-pub-7891478850122465/8171033829,ca-app-pub-7891478850122465~6704621236,US,20260823,iOS,14,0,65188,9,14
ca-app-pub-7891478850122465/6565020438,ca-app-pub-7891478850122465~6704621236,VE,20260823,iOS,1,0,0,0,1
ca-app-pub-7891478850122465/6721664164,ca-app-pub-7891478850122465~6704621236,VE,20260823,iOS,1,0,0,0,1
ca-app-pub-7891478850122465/6565020438,ca-app-pub-7891478850122465~6704621236,ZA,20260823,iOS,6,0,0,0,6
ca-app-pub-7891478850122465/6721664164,ca-app-pub-7891478850122465~6704621236,ZA,20260823,iOS,7,0,5798,4,7
ca-app-pub-7891478850122465/8171033829,ca-app-pub-7891478850122465~6704621236,ZA,20260823,iOS,4,1,4713,4,4
ca-app-pub-7891478850122465/6565020438,ca-app-pub-7891478850122465~6704621236,AU,20260824,iOS,1,0,0,0,1
ca-app-pub-7891478850122465/6721664164,ca-app-pub-7891478850122465~6704621236,AU,20260824,iOS,1,0,0,0,1
ca-app-pub-7891478850122465/6565020438,ca-app-pub-7891478850122465~6704621236,BR,20260824,iOS,5,0,0,0,5
ca-app-pub-7891478850122465/6721664164,ca-app-pub-7891478850122465~6704621236,BR,20260824,iOS,4,0,1247,1,4
ca-app-pub-7891478850122465/8171033829,ca-app-pub-7891478850122465~6704621236,BR,20260824,iOS,2,0,472,1,2
ca-app-pub-7891478850122465/6565020438,ca-app-pub-7891478850122465~6704621236,BS,20260824,iOS,4,0,0,0,4
ca-app-pub-7891478850122465/6721664164,ca-app-pub-7891478850122465~6704621236,BS,20260824,iOS,1,0,0,0,1
ca-app-pub-7891478850122465/8171033829,ca-app-pub-7891478850122465~6704621236,BS,20260824,iOS,1,0,1351,1,1
ca-app-pub-7891478850122465/6565020438,ca-app-pub-7891478850122465~6704621236,CA,20260824,iOS,2,0,0,0,2
ca-app-pub-7891478850122465/6721664164,ca-app-pub-7891478850122465~6704621236,CA,20260824,iOS,2,0,0,0,2
ca-app-pub-7891478850122465/6565020438,ca-app-pub-7891478850122465~6704621236,CG,20260824,iOS,2,0,0,0,2
ca-app-pub-7891478850122465/6721664164,ca-app-pub-7891478850122465~6704621236,CG,20260824,iOS,2,0,671,1,2
ca-app-pub-7891478850122465/8171033829,ca-app-pub-7891478850122465~6704621236,CG,20260824,iOS,3,0,1031,3,3
ca-app-pub-7891478850122465/6565020438,ca-app-pub-7891478850122465~6704621236,CH,20260824,iOS,2,0,0,0,2
ca-app-pub-7891478850122465/6721664164,ca-app-pub-7891478850122465~6704621236,CH,20260824,iOS,1,0,0,0,1
ca-app-pub-7891478850122465/6565020438,ca-app-pub-7891478850122465~6704621236,CI,20260824,iOS,3,0,0,0,3
ca-app-pub-7891478850122465/6721664164,ca-app-pub-7891478850122465~6704621236,CI,20260824,iOS,2,0,2164,1,2
ca-app-pub-7891478850122465/8171033829,ca-app-pub-7891478850122465~6704621236,CI,20260824,iOS,1,1,255,1,1
ca-app-pub-7891478850122465/6565020438,ca-app-pub-7891478850122465~6704621236,CN,20260824,iOS,23,2,21383,5,23
ca-app-pub-7891478850122465/6721664164,ca-app-pub-7891478850122465~6704621236,CN,20260824,iOS,20,2,20962,13,20
ca-app-pub-7891478850122465/8171033829,ca-app-pub-7891478850122465~6704621236,CN,20260824,iOS,17,0,9055,13,17
ca-app-pub-7891478850122465/8171033829,ca-app-pub-7891478850122465~6704621236,CO,20260824,iOS,3,0,0,0,3
ca-app-pub-7891478850122465/6565020438,ca-app-pub-7891478850122465~6704621236,DE,20260824,iOS,7,0,0,0,7
ca-app-pub-7891478850122465/6721664164,ca-app-pub-7891478850122465~6704621236,DE,20260824,iOS,4,0,0,0,4
ca-app-pub-7891478850122465/8171033829,ca-app-pub-7891478850122465~6704621236,DE,20260824,iOS,1,0,0,0,1
ca-app-pub-7891478850122465/6565020438,ca-app-pub-7891478850122465~6704621236,ES,20260824,iOS,8,0,0,0,8
ca-app-pub-7891478850122465/6721664164,ca-app-pub-7891478850122465~6704621236,ES,20260824,iOS,4,0,5512,1,4
ca-app-pub-7891478850122465/8171033829,ca-app-pub-7891478850122465~6704621236,ES,20260824,iOS,3,0,0,0,3
ca-app-pub-7891478850122465/6565020438,ca-app-pub-7891478850122465~6704621236,FR,20260824,iOS,2,0,0,0,2
ca-app-pub-7891478850122465/6721664164,ca-app-pub-7891478850122465~6704621236,FR,20260824,iOS,1,0,0,0,1
ca-app-pub-7891478850122465/6565020438,ca-app-pub-7891478850122465~6704621236,GH,20260824,iOS,6,0,5192,2,6
ca-app-pub-7891478850122465/6721664164,ca-app-pub-7891478850122465~6704621236,GH,20260824,iOS,5,0,4323,3,5
ca-app-pub-7891478850122465/8171033829,ca-app-pub-7891478850122465~6704621236,GH,20260824,iOS,8,0,6212,8,8
ca-app-pub-7891478850122465/6565020438,ca-app-pub-7891478850122465~6704621236,GN,20260824,iOS,1,0,0,0,1
ca-app-pub-7891478850122465/6721664164,ca-app-pub-7891478850122465~6704621236,GN,20260824,iOS,1,0,0,0,1
ca-app-pub-7891478850122465/6565020438,ca-app-pub-7891478850122465~6704621236,HK,20260824,iOS,3,0,0,0,3
ca-app-pub-7891478850122465/6721664164,ca-app-pub-7891478850122465~6704621236,HK,20260824,iOS,3,0,448,1,3
ca-app-pub-7891478850122465/8171033829,ca-app-pub-7891478850122465~6704621236,HK,20260824,iOS,3,0,494,3,3
ca-app-pub-7891478850122465/6565020438,ca-app-pub-7891478850122465~6704621236,HN,20260824,iOS,1,0,0,0,1
ca-app-pub-7891478850122465/6721664164,ca-app-pub-7891478850122465~6704621236,HN,20260824,iOS,1,0,0,0,1
ca-app-pub-7891478850122465/6565020438,ca-app-pub-7891478850122465~6704621236,IE,20260824,iOS,12,0,0,0,12
ca-app-pub-7891478850122465/6721664164,ca-app-pub-7891478850122465~6704621236,IE,20260824,iOS,6,0,0,0,6
ca-app-pub-7891478850122465/6565020438,ca-app-pub-7891478850122465~6704621236,IN,20260824,iOS,9,6,54714,7,9
ca-app-pub-7891478850122465/6721664164,ca-app-pub-7891478850122465~6704621236,IN,20260824,iOS,5,0,8027,4,5
ca-app-pub-7891478850122465/8171033829,ca-app-pub-7891478850122465~6704621236,IN,20260824,iOS,7,1,8797,7,7
ca-app-pub-7891478850122465/6565020438,ca-app-pub-7891478850122465~6704621236,IQ,20260824,iOS,3,0,0,0,3
ca-app-pub-7891478850122465/6721664164,ca-app-pub-7891478850122465~6704621236,IQ,20260824,iOS,2,0,495,1,2
ca-app-pub-7891478850122465/8171033829,ca-app-pub-7891478850122465~6704621236,IQ,20260824,iOS,1,0,288,1,1
ca-app-pub-7891478850122465/1715908034,ca-app-pub-7891478850122465~6704621236,IT,20260824,iOS,1,0,0,0,1
ca-app-pub-7891478850122465/6565020438,ca-app-pub-7891478850122465~6704621236,IT,20260824,iOS,4,0,0,0,4
ca-app-pub-7891478850122465/6721664164,ca-app-pub-7891478850122465~6704621236,IT,20260824,iOS,3,0,0,0,3
ca-app-pub-7891478850122465/8171033829,ca-app-pub-7891478850122465~6704621236,IT,20260824,iOS,1,0,0,0,1
ca-app-pub-7891478850122465/6565020438,ca-app-pub-7891478850122465~6704621236,JM,20260824,iOS,1,0,0,0,1
ca-app-pub-7891478850122465/6721664164,ca-app-pub-7891478850122465~6704621236,JM,20260824,iOS,1,0,0,0,1
ca-app-pub-7891478850122465/6565020438,ca-app-pub-7891478850122465~6704621236,MX,20260824,iOS,2,0,4696,1,2
ca-app-pub-7891478850122465/6721664164,ca-app-pub-7891478850122465~6704621236,MX,20260824,iOS,2,0,2575,1,2
ca-app-pub-7891478850122465/8171033829,ca-app-pub-7891478850122465~6704621236,MX,20260824,iOS,1,0,208,1,1
ca-app-pub-7891478850122465/6565020438,ca-app-pub-7891478850122465~6704621236,NG,20260824,iOS,3,0,0,0,3
ca-app-pub-7891478850122465/6721664164,ca-app-pub-7891478850122465~6704621236,NG,20260824,iOS,2,0,0,0,2
ca-app-pub-7891478850122465/6565020438,ca-app-pub-7891478850122465~6704621236,RO,20260824,iOS,1,0,0,0,1
ca-app-pub-7891478850122465/6721664164,ca-app-pub-7891478850122465~6704621236,RO,20260824,iOS,1,0,0,0,1
ca-app-pub-7891478850122465/6565020438,ca-app-pub-7891478850122465~6704621236,SA,20260824,iOS,6,0,9444,2,6
ca-app-pub-7891478850122465/6721664164,ca-app-pub-7891478850122465~6704621236,SA,20260824,iOS,6,0,5877,2,6
ca-app-pub-7891478850122465/8171033829,ca-app-pub-7891478850122465~6704621236,SA,20260824,iOS,7,0,6884,7,7
ca-app-pub-7891478850122465/6565020438,ca-app-pub-7891478850122465~6704621236,TR,20260824,iOS,13,0,1486,1,13
ca-app-pub-7891478850122465/6721664164,ca-app-pub-7891478850122465~6704621236,TR,20260824,iOS,16,0,1966,8,16
ca-app-pub-7891478850122465/8171033829,ca-app-pub-7891478850122465~6704621236,TR,20260824,iOS,13,0,2363,11,13
ca-app-pub-7891478850122465/1859860932,ca-app-pub-7891478850122465~6704621236,US,20260824,iOS,2,0,0,0,2
ca-app-pub-7891478850122465/6565020438,ca-app-pub-7891478850122465~6704621236,US,20260824,iOS,47,0,66754,1,47
ca-app-pub-7891478850122465/6721664164,ca-app-pub-7891478850122465~6704621236,US,20260824,iOS,44,0,189296,5,44
ca-app-pub-7891478850122465/8171033829,ca-app-pub-7891478850122465~6704621236,US,20260824,iOS,7,0,22184,6,7
ca-app-pub-7891478850122465/6565020438,ca-app-pub-7891478850122465~6704621236,ZA,20260824,iOS,1,0,0,0,1
ca-app-pub-7891478850122465/6721664164,ca-app-pub-7891478850122465~6704621236,ZA,20260824,iOS,1,0,0,0,1
ca-app-pub-7891478850122465/6565020438,ca-app-pub-7891478850122465~6704621236,AU,20260825,iOS,5,0,41605,2,5
ca-app-pub-7891478850122465/6721664164,ca-app-pub-7891478850122465~6704621236,AU,20260825,iOS,4,0,23880,2,4
ca-app-pub-7891478850122465/8171033829,ca-app-pub-7891478850122465~6704621236,AU,20260825,iOS,6,0,15463,5,6
ca-app-pub-7891478850122465/6565020438,ca-app-pub-7891478850122465~6704621236,BG,20260825,iOS,1,0,0,0,1
ca-app-pub-7891478850122465/6721664164,ca-app-pub-7891478850122465~6704621236,BG,20260825,iOS,1,0,0,0,1
ca-app-pub-7891478850122465/1859860932,ca-app-pub-7891478850122465~6704621236,BR,20260825,iOS,1,0,0,0,1
ca-app-pub-7891478850122465/6565020438,ca-app-pub-7891478850122465~6704621236,BR,20260825,iOS,18,0,15234,3,18
ca-app-pub-7891478850122465/6721664164,ca-app-pub-7891478850122465~6704621236,BR,20260825,iOS,12,0,14604,8,12
ca-app-pub-7891478850122465/8171033829,ca-app-pub-7891478850122465~6704621236,BR,20260825,iOS,9,0,7554,8,9
ca-app-pub-7891478850122465/6565020438,ca-app-pub-7891478850122465~6704621236,BW,20260825,iOS,1,0,0,0,1
ca-app-pub-7891478850122465/6721664164,ca-app-pub-7891478850122465~6704621236,BW,20260825,iOS,1,0,0,0,1
ca-app-pub-7891478850122465/6565020438,ca-app-pub-7891478850122465~6704621236,CA,20260825,iOS,2,0,0,0,2
ca-app-pub-7891478850122465/6721664164,ca-app-pub-7891478850122465~6704621236,CA,20260825,iOS,2,0,0,0,2
ca-app-pub-7891478850122465/1859860932,ca-app-pub-7891478850122465~6704621236,CM,20260825,iOS,2,0,0,0,2
ca-app-pub-7891478850122465/6565020438,ca-app-pub-7891478850122465~6704621236,CM,20260825,iOS,13,0,7543,7,13
ca-app-pub-7891478850122465/6721664164,ca-app-pub-7891478850122465~6704621236,CM,20260825,iOS,7,0,2806,5,7
ca-app-pub-7891478850122465/8171033829,ca-app-pub-7891478850122465~6704621236,CM,20260825,iOS,17,0,5337,13,17
ca-app-pub-7891478850122465/6565020438,ca-app-pub-7891478850122465~6704621236,CN,20260825,iOS,23,3,40455,4,23
ca-app-pub-7891478850122465/6721664164,ca-app-pub-7891478850122465~6704621236,CN,20260825,iOS,22,0,45831,13,22
ca-app-pub-7891478850122465/8171033829,ca-app-pub-7891478850122465~6704621236,CN,20260825,iOS,12,0,27369,8,12
ca-app-pub-7891478850122465/6565020438,ca-app-pub-7891478850122465~6704621236,DZ,20260825,iOS,4,0,3886,1,4
ca-app-pub-7891478850122465/6721664164,ca-app-pub-7891478850122465~6704621236,DZ,20260825,iOS,2,0,567,1,2
ca-app-pub-7891478850122465/8171033829,ca-app-pub-7891478850122465~6704621236,DZ,20260825,iOS,7,0,5206,7,7
ca-app-pub-7891478850122465/6565020438,ca-app-pub-7891478850122465~6704621236,GH,20260825,iOS,2,0,0,0,2
ca-app-pub-7891478850122465/6721664164,ca-app-pub-7891478850122465~6704621236,GH,20260825,iOS,2,0,0,0,2
ca-app-pub-7891478850122465/6565020438,ca-app-pub-7891478850122465~6704621236,GM,20260825,iOS,8,0,7656,4,8
ca-app-pub-7891478850122465/6721664164,ca-app-pub-7891478850122465~6704621236,GM,20260825,iOS,5,0,2014,4,5
ca-app-pub-7891478850122465/8171033829,ca-app-pub-7891478850122465~6704621236,GM,20260825,iOS,7,0,2650,7,7
ca-app-pub-7891478850122465/6565020438,ca-app-pub-7891478850122465~6704621236,HK,20260825,iOS,11,1,42620,3,11
ca-app-pub-7891478850122465/6721664164,ca-app-pub-7891478850122465~6704621236,HK,20260825,iOS,10,0,26822,7,10
ca-app-pub-7891478850122465/8171033829,ca-app-pub-7891478850122465~6704621236,HK,20260825,iOS,7,0,10511,6,7
ca-app-pub-7891478850122465/6565020438,ca-app-pub-7891478850122465~6704621236,IN,20260825,iOS,5,0,4908,3,5
ca-app-pub-7891478850122465/6721664164,ca-app-pub-7891478850122465~6704621236,IN,20260825,iOS,6,0,5799,4,6
ca-app-pub-7891478850122465/8171033829,ca-app-pub-7891478850122465~6704621236,IN,20260825,iOS,4,0,1948,4,4
ca-app-pub-7891478850122465/6565020438,ca-app-pub-7891478850122465~6704621236,JM,20260825,iOS,1,0,0,0,1
ca-app-pub-7891478850122465/6721664164,ca-app-pub-7891478850122465~6704621236,JM,20260825,iOS,1,0,0,0,1
ca-app-pub-7891478850122465/6565020438,ca-app-pub-7891478850122465~6704621236,MA,20260825,iOS,6,0,2016,1,6
ca-app-pub-7891478850122465/6721664164,ca-app-pub-7891478850122465~6704621236,MA,20260825,iOS,4,0,1293,2,4
ca-app-pub-7891478850122465/8171033829,ca-app-pub-7891478850122465~6704621236,MA,20260825,iOS,4,0,787,3,4
ca-app-pub-7891478850122465/6565020438,ca-app-pub-7891478850122465~6704621236,ML,20260825,iOS,2,0,0,0,2
ca-app-pub-7891478850122465/6721664164,ca-app-pub-7891478850122465~6704621236,ML,20260825,iOS,2,0,4618,1,2
ca-app-pub-7891478850122465/8171033829,ca-app-pub-7891478850122465~6704621236,ML,20260825,iOS,2,0,793,1,2
ca-app-pub-7891478850122465/6565020438,ca-app-pub-7891478850122465~6704621236,MX,20260825,iOS,6,0,4008,1,6
ca-app-pub-7891478850122465/6721664164,ca-app-pub-7891478850122465~6704621236,MX,20260825,iOS,5,0,3643,3,5
ca-app-pub-7891478850122465/8171033829,ca-app-pub-7891478850122465~6704621236,MX,20260825,iOS,3,0,4752,3,3
ca-app-pub-7891478850122465/8171033829,ca-app-pub-7891478850122465~6704621236,MY,20260825,iOS,3,0,3839,3,3
ca-app-pub-7891478850122465/6565020438,ca-app-pub-7891478850122465~6704621236,NG,20260825,iOS,2,0,0,0,2
ca-app-pub-7891478850122465/6721664164,ca-app-pub-7891478850122465~6704621236,NG,20260825,iOS,1,0,635,1,1
ca-app-pub-7891478850122465/8171033829,ca-app-pub-7891478850122465~6704621236,NG,20260825,iOS,1,0,279,1,1
ca-app-pub-7891478850122465/6565020438,ca-app-pub-7891478850122465~6704621236,NZ,20260825,iOS,3,0,10810,1,3
ca-app-pub-7891478850122465/6721664164,ca-app-pub-7891478850122465~6704621236,NZ,20260825,iOS,4,0,16673,3,4
ca-app-pub-7891478850122465/8171033829,ca-app-pub-7891478850122465~6704621236,NZ,20260825,iOS,3,1,7928,3,3
ca-app-pub-7891478850122465/6565020438,ca-app-pub-7891478850122465~6704621236,OM,20260825,iOS,4,0,3599,1,4
ca-app-pub-7891478850122465/6721664164,ca-app-pub-7891478850122465~6704621236,OM,20260825,iOS,2,0,0,0,2
ca-app-pub-7891478850122465/8171033829,ca-app-pub-7891478850122465~6704621236,OM,20260825,iOS,2,0,1022,2,2
ca-app-pub-7891478850122465/6565020438,ca-app-pub-7891478850122465~6704621236,PH,20260825,iOS,2,0,0,0,2
ca-app-pub-7891478850122465/6721664164,ca-app-pub-7891478850122465~6704621236,PH,20260825,iOS,1,0,615,1,1
ca-app-pub-7891478850122465/8171033829,ca-app-pub-7891478850122465~6704621236,PH,20260825,iOS,1,0,0,0,1
ca-app-pub-7891478850122465/6565020438,ca-app-pub-7891478850122465~6704621236,SA,20260825,iOS,7,0,8123,1,7
ca-app-pub-7891478850122465/6721664164,ca-app-pub-7891478850122465~6704621236,SA,20260825,iOS,5,1,17427,3,5
ca-app-pub-7891478850122465/8171033829,ca-app-pub-7891478850122465~6704621236,SA,20260825,iOS,5,0,32899,5,5
ca-app-pub-7891478850122465/6565020438,ca-app-pub-7891478850122465~6704621236,SL,20260825,iOS,1,0,0,0,1
ca-app-pub-7891478850122465/6721664164,ca-app-pub-7891478850122465~6704621236,SL,20260825,iOS,1,0,0,0,1
ca-app-pub-7891478850122465/6565020438,ca-app-pub-7891478850122465~6704621236,SN,20260825,iOS,2,0,0,0,2
ca-app-pub-7891478850122465/6721664164,ca-app-pub-7891478850122465~6704621236,SN,20260825,iOS,2,0,0,0,2
ca-app-pub-7891478850122465/6565020438,ca-app-pub-7891478850122465~6704621236,TR,20260825,iOS,7,0,0,0,7
ca-app-pub-7891478850122465/6721664164,ca-app-pub-7891478850122465~6704621236,TR,20260825,iOS,13,0,3844,7,13
ca-app-pub-7891478850122465/8171033829,ca-app-pub-7891478850122465~6704621236,TR,20260825,iOS,11,0,684,9,11
ca-app-pub-7891478850122465/6565020438,ca-app-pub-7891478850122465~6704621236,UG,20260825,iOS,1,0,0,0,1
ca-app-pub-7891478850122465/6721664164,ca-app-pub-7891478850122465~6704621236,UG,20260825,iOS,1,0,0,0,1
ca-app-pub-7891478850122465/1859860932,ca-app-pub-7891478850122465~6704621236,US,20260825,iOS,1,0,0,0,1
ca-app-pub-7891478850122465/6565020438,ca-app-pub-7891478850122465~6704621236,US,20260825,iOS,73,0,77808,2,73
ca-app-pub-7891478850122465/6721664164,ca-app-pub-7891478850122465~6704621236,US,20260825,iOS,62,3,656424,21,62
ca-app-pub-7891478850122465/8171033829,ca-app-pub-7891478850122465~6704621236,US,20260825,iOS,22,2,126520,16,22
ca-app-pub-7891478850122465/6565020438,ca-app-pub-7891478850122465~6704621236,ZA,20260825,iOS,11,0,8960,2,11
ca-app-pub-7891478850122465/6721664164,ca-app-pub-7891478850122465~6704621236,ZA,20260825,iOS,9,1,4453,3,9
ca-app-pub-7891478850122465/8171033829,ca-app-pub-7891478850122465~6704621236,ZA,20260825,iOS,5,0,6760,5,5
ca-app-pub-7891478850122465/6565020438,ca-app-pub-7891478850122465~6704621236,AU,20260826,iOS,1,0,0,0,1
ca-app-pub-7891478850122465/6721664164,ca-app-pub-7891478850122465~6704621236,AU,20260826,iOS,1,0,0,0,1
ca-app-pub-7891478850122465/6565020438,ca-app-pub-7891478850122465~6704621236,BR,20260826,iOS,1,0,0,0,1
ca-app-pub-7891478850122465/6721664164,ca-app-pub-7891478850122465~6704621236,BR,20260826,iOS,1,0,0,0,1
ca-app-pub-7891478850122465/6565020438,ca-app-pub-7891478850122465~6704621236,BY,20260826,iOS,3,0,0,0,3
ca-app-pub-7891478850122465/6721664164,ca-app-pub-7891478850122465~6704621236,BY,20260826,iOS,2,0,1026,1,2
ca-app-pub-7891478850122465/8171033829,ca-app-pub-7891478850122465~6704621236,BY,20260826,iOS,1,0,488,1,1
ca-app-pub-7891478850122465/6565020438,ca-app-pub-7891478850122465~6704621236,CD,20260826,iOS,2,0,0,0,2
ca-app-pub-7891478850122465/6721664164,ca-app-pub-7891478850122465~6704621236,CD,20260826,iOS,2,0,1600,1,2
ca-app-pub-7891478850122465/8171033829,ca-app-pub-7891478850122465~6704621236,CD,20260826,iOS,2,0,848,2,2
ca-app-pub-7891478850122465/6565020438,ca-app-pub-7891478850122465~6704621236,CI,20260826,iOS,6,0,6852,2,6
ca-app-pub-7891478850122465/6721664164,ca-app-pub-7891478850122465~6704621236,CI,20260826,iOS,4,0,2990,2,4
ca-app-pub-7891478850122465/8171033829,ca-app-pub-7891478850122465~6704621236,CI,20260826,iOS,7,1,5376,7,7
ca-app-pub-7891478850122465/6565020438,ca-app-pub-7891478850122465~6704621236,CN,20260826,iOS,13,0,0,0,13
ca-app-pub-7891478850122465/6721664164,ca-app-pub-7891478850122465~6704621236,CN,20260826,iOS,8,0,3902,3,8
ca-app-pub-7891478850122465/8171033829,ca-app-pub-7891478850122465~6704621236,CN,20260826,iOS,4,0,1356,2,4
ca-app-pub-7891478850122465/6565020438,ca-app-pub-7891478850122465~6704621236,CO,20260826,iOS,2,0,0,0,2
ca-app-pub-7891478850122465/6721664164,ca-app-pub-7891478850122465~6704621236,CO,20260826,iOS,2,0,0,0,2
ca-app-pub-7891478850122465/6565020438,ca-app-pub-7891478850122465~6704621236,DK,20260826,iOS,4,0,0,0,4
ca-app-pub-7891478850122465/6721664164,ca-app-pub-7891478850122465~6704621236,DK,20260826,iOS,2,0,0,0,2
ca-app-pub-7891478850122465/6565020438,ca-app-pub-7891478850122465~6704621236,FR,20260826,iOS,11,0,0,0,11
ca-app-pub-7891478850122465/6721664164,ca-app-pub-7891478850122465~6704621236,FR,20260826,iOS,6,0,2687,1,6
ca-app-pub-7891478850122465/8171033829,ca-app-pub-7891478850122465~6704621236,FR,20260826,iOS,4,0,4783,1,4
ca-app-pub-7891478850122465/6565020438,ca-app-pub-7891478850122465~6704621236,GH,20260826,iOS,2,0,0,0,2
ca-app-pub-7891478850122465/6721664164,ca-app-pub-7891478850122465~6704621236,GH,20260826,iOS,1,0,0,0,1
ca-app-pub-7891478850122465/8171033829,ca-app-pub-7891478850122465~6704621236,GH,20260826,iOS,1,0,0,0,1
ca-app-pub-7891478850122465/6565020438,ca-app-pub-7891478850122465~6704621236,HK,20260826,iOS,2,0,0,0,2
ca-app-pub-7891478850122465/6721664164,ca-app-pub-7891478850122465~6704621236,HK,20260826,iOS,3,0,2965,3,3
ca-app-pub-7891478850122465/8171033829,ca-app-pub-7891478850122465~6704621236,HK,20260826,iOS,3,0,612,2,3
ca-app-pub-7891478850122465/6565020438,ca-app-pub-7891478850122465~6704621236,HN,20260826,iOS,1,0,0,0,1
ca-app-pub-7891478850122465/6721664164,ca-app-pub-7891478850122465~6704621236,HN,20260826,iOS,1,0,0,0,1
ca-app-pub-7891478850122465/6565020438,ca-app-pub-7891478850122465~6704621236,IE,20260826,iOS,4,0,0,0,4
ca-app-pub-7891478850122465/6721664164,ca-app-pub-7891478850122465~6704621236,IE,20260826,iOS,2,0,0,0,2
ca-app-pub-7891478850122465/6565020438,ca-app-pub-7891478850122465~6704621236,IN,20260826,iOS,3,0,144,1,3
ca-app-pub-7891478850122465/6721664164,ca-app-pub-7891478850122465~6704621236,IN,20260826,iOS,5,0,1255,4,5
ca-app-pub-7891478850122465/8171033829,ca-app-pub-7891478850122465~6704621236,IN,20260826,iOS,4,0,725,3,4
ca-app-pub-7891478850122465/6565020438,ca-app-pub-7891478850122465~6704621236,IT,20260826,iOS,3,0,0,0,3
ca-app-pub-7891478850122465/6721664164,ca-app-pub-7891478850122465~6704621236,IT,20260826,iOS,3,0,0,0,3
ca-app-pub-7891478850122465/1859860932,ca-app-pub-7891478850122465~6704621236,MX,20260826,iOS,1,0,0,0,1
ca-app-pub-7891478850122465/6565020438,ca-app-pub-7891478850122465~6704621236,MX,20260826,iOS,17,0,49569,7,17
ca-app-pub-7891478850122465/6721664164,ca-app-pub-7891478850122465~6704621236,MX,20260826,iOS,12,1,70473,10,12
ca-app-pub-7891478850122465/8171033829,ca-app-pub-7891478850122465~6704621236,MX,20260826,iOS,15,0,27320,13,15
ca-app-pub-7891478850122465/6565020438,ca-app-pub-7891478850122465~6704621236,NG,20260826,iOS,1,0,0,0,1
ca-app-pub-7891478850122465/6721664164,ca-app-pub-7891478850122465~6704621236,NG,20260826,iOS,1,0,0,0,1
ca-app-pub-7891478850122465/1859860932,ca-app-pub-7891478850122465~6704621236,PR,20260826,iOS,1,0,0,0,1
ca-app-pub-7891478850122465/6565020438,ca-app-pub-7891478850122465~6704621236,PR,20260826,iOS,3,0,0,0,3
ca-app-pub-7891478850122465/6721664164,ca-app-pub-7891478850122465~6704621236,PR,20260826,iOS,3,0,5943,1,3
ca-app-pub-7891478850122465/8171033829,ca-app-pub-7891478850122465~6704621236,PR,20260826,iOS,2,0,7271,2,2
ca-app-pub-7891478850122465/6565020438,ca-app-pub-7891478850122465~6704621236,SA,20260826,iOS,3,0,0,0,3
ca-app-pub-7891478850122465/6721664164,ca-app-pub-7891478850122465~6704621236,SA,20260826,iOS,3,0,2608,1,3
ca-app-pub-7891478850122465/8171033829,ca-app-pub-7891478850122465~6704621236,SA,20260826,iOS,1,0,367,1,1
ca-app-pub-7891478850122465/6565020438,ca-app-pub-7891478850122465~6704621236,TR,20260826,iOS,7,0,0,0,7
ca-app-pub-7891478850122465/6721664164,ca-app-pub-7891478850122465~6704621236,TR,20260826,iOS,11,0,1744,7,11
ca-app-pub-7891478850122465/8171033829,ca-app-pub-7891478850122465~6704621236,TR,20260826,iOS,9,0,794,8,9
ca-app-pub-7891478850122465/1859860932,ca-app-pub-7891478850122465~6704621236,US,20260826,iOS,3,0,0,0,3
ca-app-pub-7891478850122465/3192641239,ca-app-pub-7891478850122465~6704621236,US,20260826,iOS,1,0,0,0,1
ca-app-pub-7891478850122465/6565020438,ca-app-pub-7891478850122465~6704621236,US,20260826,iOS,54,0,207809,3,54
ca-app-pub-7891478850122465/6721664164,ca-app-pub-7891478850122465~6704621236,US,20260826,iOS,44,1,345634,12,44
ca-app-pub-7891478850122465/8171033829,ca-app-pub-7891478850122465~6704621236,US,20260826,iOS,20,2,134296,16,20
ca-app-pub-7891478850122465/6565020438,ca-app-pub-7891478850122465~6704621236,AE,20260827,iOS,5,0,14675,1,5
ca-app-pub-7891478850122465/6721664164,ca-app-pub-7891478850122465~6704621236,AE,20260827,iOS,4,0,14775,2,4
ca-app-pub-7891478850122465/8171033829,ca-app-pub-7891478850122465~6704621236,AE,20260827,iOS,5,0,12950,5,5
ca-app-pub-7891478850122465/6565020438,ca-app-pub-7891478850122465~6704621236,AU,20260827,iOS,1,0,0,0,1
ca-app-pub-7891478850122465/6721664164,ca-app-pub-7891478850122465~6704621236,AU,20260827,iOS,1,0,0,0,1
ca-app-pub-7891478850122465/6565020438,ca-app-pub-7891478850122465~6704621236,BG,20260827,iOS,1,0,0,0,1
ca-app-pub-7891478850122465/6721664164,ca-app-pub-7891478850122465~6704621236,BG,20260827,iOS,1,0,0,0,1
ca-app-pub-7891478850122465/6565020438,ca-app-pub-7891478850122465~6704621236,BR,20260827,iOS,1,0,0,0,1
ca-app-pub-7891478850122465/6721664164,ca-app-pub-7891478850122465~6704621236,BR,20260827,iOS,1,0,0,0,1
ca-app-pub-7891478850122465/6565020438,ca-app-pub-7891478850122465~6704621236,CD,20260827,iOS,2,0,0,0,2
ca-app-pub-7891478850122465/6721664164,ca-app-pub-7891478850122465~6704621236,CD,20260827,iOS,1,0,907,1,1
ca-app-pub-7891478850122465/6565020438,ca-app-pub-7891478850122465~6704621236,CH,20260827,iOS,2,0,0,0,2
ca-app-pub-7891478850122465/6721664164,ca-app-pub-7891478850122465~6704621236,CH,20260827,iOS,1,0,0,0,1
ca-app-pub-7891478850122465/6565020438,ca-app-pub-7891478850122465~6704621236,CM,20260827,iOS,1,0,0,0,1
ca-app-pub-7891478850122465/6721664164,ca-app-pub-7891478850122465~6704621236,CM,20260827,iOS,1,0,0,0,1
ca-app-pub-7891478850122465/6565020438,ca-app-pub-7891478850122465~6704621236,CN,20260827,iOS,19,0,0,0,19
ca-app-pub-7891478850122465/6721664164,ca-app-pub-7891478850122465~6704621236,CN,20260827,iOS,14,2,13920,7,14
ca-app-pub-7891478850122465/8171033829,ca-app-pub-7891478850122465~6704621236,CN,20260827,iOS,14,0,5087,6,14
ca-app-pub-7891478850122465/6565020438,ca-app-pub-7891478850122465~6704621236,DE,20260827,iOS,4,1,9957,1,4
ca-app-pub-7891478850122465/6721664164,ca-app-pub-7891478850122465~6704621236,DE,20260827,iOS,2,0,0,0,2
ca-app-pub-7891478850122465/8171033829,ca-app-pub-7891478850122465~6704621236,DE,20260827,iOS,3,0,2553,2,3
ca-app-pub-7891478850122465/6565020438,ca-app-pub-7891478850122465~6704621236,DO,20260827,iOS,1,0,0,0,1
ca-app-pub-7891478850122465/6721664164,ca-app-pub-7891478850122465~6704621236,DO,20260827,iOS,1,0,0,0,1
ca-app-pub-7891478850122465/6565020438,ca-app-pub-7891478850122465~6704621236,DZ,20260827,iOS,4,0,0,0,4
ca-app-pub-7891478850122465/6721664164,ca-app-pub-7891478850122465~6704621236,DZ,20260827,iOS,4,0,1319,2,4
ca-app-pub-7891478850122465/8171033829,ca-app-pub-7891478850122465~6704621236,DZ,20260827,iOS,4,1,1891,4,4
ca-app-pub-7891478850122465/6565020438,ca-app-pub-7891478850122465~6704621236,FR,20260827,iOS,36,0,0,0,36
ca-app-pub-7891478850122465/6721664164,ca-app-pub-7891478850122465~6704621236,FR,20260827,iOS,19,0,0,0,19
ca-app-pub-7891478850122465/8171033829,ca-app-pub-7891478850122465~6704621236,FR,20260827,iOS,11,0,1440,1,11
ca-app-pub-7891478850122465/6565020438,ca-app-pub-7891478850122465~6704621236,GH,20260827,iOS,4,0,2063,1,4
ca-app-pub-7891478850122465/6721664164,ca-app-pub-7891478850122465~6704621236,GH,20260827,iOS,3,0,1232,1,3
ca-app-pub-7891478850122465/8171033829,ca-app-pub-7891478850122465~6704621236,GH,20260827,iOS,5,0,2960,5,5
ca-app-pub-7891478850122465/6565020438,ca-app-pub-7891478850122465~6704621236,HK,20260827,iOS,5,0,0,0,5
ca-app-pub-7891478850122465/6721664164,ca-app-pub-7891478850122465~6704621236,HK,20260827,iOS,5,0,4007,2,5
ca-app-pub-7891478850122465/8171033829,ca-app-pub-7891478850122465~6704621236,HK,20260827,iOS,3,0,719,2,3
ca-app-pub-7891478850122465/6565020438,ca-app-pub-7891478850122465~6704621236,HN,20260827,iOS,1,0,0,0,1
ca-app-pub-7891478850122465/6721664164,ca-app-pub-7891478850122465~6704621236,HN,20260827,iOS,1,0,0,0,1
ca-app-pub-7891478850122465/6565020438,ca-app-pub-7891478850122465~6704621236,IT,20260827,iOS,10,0,0,0,10
ca-app-pub-7891478850122465/6721664164,ca-app-pub-7891478850122465~6704621236,IT,20260827,iOS,6,0,0,0,6
ca-app-pub-7891478850122465/6565020438,ca-app-pub-7891478850122465~6704621236,JM,20260827,iOS,1,0,0,0,1
ca-app-pub-7891478850122465/6721664164,ca-app-pub-7891478850122465~6704621236,JM,20260827,iOS,1,0,0,0,1
ca-app-pub-7891478850122465/6565020438,ca-app-pub-7891478850122465~6704621236,MA,20260827,iOS,12,0,3214,2,12
ca-app-pub-7891478850122465/6721664164,ca-app-pub-7891478850122465~6704621236,MA,20260827,iOS,7,0,2403,3,7
ca-app-pub-7891478850122465/8171033829,ca-app-pub-7891478850122465~6704621236,MA,20260827,iOS,21,2,7266,21,21
ca-app-pub-7891478850122465/6565020438,ca-app-pub-7891478850122465~6704621236,MX,20260827,iOS,5,0,0,0,5
ca-app-pub-7891478850122465/6721664164,ca-app-pub-7891478850122465~6704621236,MX,20260827,iOS,5,0,10491,3,5
ca-app-pub-7891478850122465/8171033829,ca-app-pub-7891478850122465~6704621236,MX,20260827,iOS,7,0,11522,6,7
ca-app-pub-7891478850122465/6565020438,ca-app-pub-7891478850122465~6704621236,PH,20260827,iOS,2,0,0,0,2
ca-app-pub-7891478850122465/6721664164,ca-app-pub-7891478850122465~6704621236,PH,20260827,iOS,2,1,3431,1,2
ca-app-pub-7891478850122465/8171033829,ca-app-pub-7891478850122465~6704621236,PH,20260827,iOS,1,0,223,1,1
ca-app-pub-7891478850122465/6565020438,ca-app-pub-7891478850122465~6704621236,PR,20260827,iOS,1,0,0,0,1
ca-app-pub-7891478850122465/6721664164,ca-app-pub-7891478850122465~6704621236,PR,20260827,iOS,1,0,0,0,1
ca-app-pub-7891478850122465/6565020438,ca-app-pub-7891478850122465~6704621236,PT,20260827,iOS,4,0,0,0,4
ca-app-pub-7891478850122465/6721664164,ca-app-pub-7891478850122465~6704621236,PT,20260827,iOS,2,0,0,0,2
ca-app-pub-7891478850122465/6565020438,ca-app-pub-7891478850122465~6704621236,SA,20260827,iOS,2,0,0,0,2
ca-app-pub-7891478850122465/6721664164,ca-app-pub-7891478850122465~6704621236,SA,20260827,iOS,2,0,7719,1,2
ca-app-pub-7891478850122465/8171033829,ca-app-pub-7891478850122465~6704621236,SA,20260827,iOS,1,0,1079,1,1
ca-app-pub-7891478850122465/6565020438,ca-app-pub-7891478850122465~6704621236,SN,20260827,iOS,3,0,0,0,3
ca-app-pub-7891478850122465/6721664164,ca-app-pub-7891478850122465~6704621236,SN,20260827,iOS,2,0,2228,1,2
ca-app-pub-7891478850122465/8171033829,ca-app-pub-7891478850122465~6704621236,SN,20260827,iOS,2,0,335,2,2
ca-app-pub-7891478850122465/6565020438,ca-app-pub-7891478850122465~6704621236,TR,20260827,iOS,9,0,1682,1,9
ca-app-pub-7891478850122465/6721664164,ca-app-pub-7891478850122465~6704621236,TR,20260827,iOS,8,0,2257,4,8
ca-app-pub-7891478850122465/8171033829,ca-app-pub-7891478850122465~6704621236,TR,20260827,iOS,11,0,1117,9,11
ca-app-pub-7891478850122465/6565020438,ca-app-pub-7891478850122465~6704621236,UG,20260827,iOS,2,0,0,0,2
ca-app-pub-7891478850122465/6721664164,ca-app-pub-7891478850122465~6704621236,UG,20260827,iOS,2,0,908,1,2
ca-app-pub-7891478850122465/8171033829,ca-app-pub-7891478850122465~6704621236,UG,20260827,iOS,2,0,792,1,2
ca-app-pub-7891478850122465/1859860932,ca-app-pub-7891478850122465~6704621236,US,20260827,iOS,6,5,0,0,6
ca-app-pub-7891478850122465/6565020438,ca-app-pub-7891478850122465~6704621236,US,20260827,iOS,91,0,224978,8,91
ca-app-pub-7891478850122465/6721664164,ca-app-pub-7891478850122465~6704621236,US,20260827,iOS,73,1,386882,24,73
ca-app-pub-7891478850122465/8171033829,ca-app-pub-7891478850122465~6704621236,US,20260827,iOS,41,2,155001,38,41
ca-app-pub-7891478850122465/1859860932,ca-app-pub-7891478850122465~6704621236,VN,20260827,iOS,1,0,0,0,1
ca-app-pub-7891478850122465/6565020438,ca-app-pub-7891478850122465~6704621236,VN,20260827,iOS,2,0,0,0,2
ca-app-pub-7891478850122465/6721664164,ca-app-pub-7891478850122465~6704621236,VN,20260827,iOS,2,0,629,1,2
ca-app-pub-7891478850122465/8171033829,ca-app-pub-7891478850122465~6704621236,VN,20260827,iOS,2,0,651,2,2
ca-app-pub-7891478850122465/6565020438,ca-app-pub-7891478850122465~6704621236,ZA,20260827,iOS,1,0,0,0,1
ca-app-pub-7891478850122465/6721664164,ca-app-pub-7891478850122465~6704621236,ZA,20260827,iOS,1,0,0,0,1
